-0.00767585+-0.0312632i,0.00843309+0.0366923i,0.00039632+0.00373392i
-0.00402453+-0.0354689i,0.00305893+0.0361372i,5.20826e-05+0.00346912i
0.000257628+-0.0387439i,-0.00113169+0.0347985i,-6.07263e-05+0.00328921i
0.00470752+-0.0409463i,-0.00415231+0.0330706i,-1.63019e-05+0.00324219i
0.00888212+-0.0420891i,-0.00609847+0.0312456i,0.000121081+0.00333504i
0.0124109+-0.0422928i,-0.00710291+0.0295155i,0.000307409+0.00354696i
0.0150224+-0.0417308i,-0.00730442+0.0279849i,0.000521319+0.00384158i
0.0165507+-0.0405803i,-0.00682963+0.0266874i,0.000761075+0.004176i
0.0169295+-0.0389847i,-0.00578528+0.0256027i,0.00103854+0.00450601i
0.0161807+-0.0370307i,-0.00425817+0.0246708i,0.00137192+0.00478826i
0.0144039+-0.0347396i,-0.00232036+0.023803i,0.00177848+0.00498038i
0.0117679+-0.0320729i,-3.73917e-05+0.0228917i,0.00226774+0.00504049i
0.00850685+-0.0289502i,0.0025219+0.0218173i,0.00283552+0.00492739i
0.00491625+-0.0252769i,0.00527524+0.0204564i,0.00345917+0.00460246i
0.00134715+-0.0209798i,0.00811751+0.0186899i,0.00409447+0.00403377i
-0.00180763+-0.0160471i,0.010913+0.0164143i,0.00467507+0.0032028i
-0.00413914+-0.0105669i,0.0134911+0.0135545i,0.00511534+0.00211287i
-0.00526302+-0.00475793i,0.0156458+0.0100807i,0.00531774+0.000798217i
-0.00487477+0.00101635i,0.0171432+0.00602694i,0.00518516+-0.000668563i
-0.0028145+0.00626039i,0.0177363+0.00151056i,0.00463779+-0.00217341i
0.000901087+-0.0306645i,-0.0025157+0.040335i,-0.000901402+0.00356252i
0.00511403+-0.0338002i,-0.00800772+0.0383026i,-0.00117158+0.00317855i
0.00975888+-0.0359914i,-0.0120739+0.0357487i,-0.00123285+0.00293472i
0.0143748+-0.0371861i,-0.0148115+0.0330835i,-0.00116919+0.00286282i
0.0185448+-0.0374781i,-0.0163818+0.0305961i,-0.00104611+0.00295694i
0.0219379+-0.037052i,-0.0169648+0.028464i,-0.000903318+0.00318852i
0.0243245+-0.0361259i,-0.016729+0.0267711i,-0.000754788+0.00351867i
0.0255732+-0.034902i,-0.0158154+0.0255277i,-0.000593438+0.00390631i
0.0256379+-0.0335313i,-0.0143321+0.0246884i,-0.000397889+0.00431199i
0.0245424+-0.0320917i,-0.0123566+0.0241666i,-0.000139774+0.00469826i
0.0223684+-0.0305811i,-0.00994364+0.0238456i,0.000209256+0.00502811i
0.0192501+-0.0289225i,-0.00713627+0.0235867i,0.000671069+0.00526277i
0.0153743+-0.0269792i,-0.00397866+0.0232353i,0.00125514+0.00536016i
0.0109851+-0.0245816i,-0.000529475+0.0226281i,0.00195319+0.00527525i
0.00638799+-0.0215607i,0.00312526+0.0216009i,0.00273477+0.004963i
0.00194933+-0.0177896i,0.00686109+0.0200001i,0.00354439+0.00438426i
-0.0019164+-0.0132275i,0.0105074+0.0176976i,0.00430145+0.00351465i
-0.00477504+-0.00796194i,0.013845+0.0146095i,0.00490409+0.00235528i
-0.00622014+-0.00223941i,0.0166112+0.0107182i,0.00523843+0.000943649i
-0.00593751+0.00352419i,0.0185142+0.00609503i,0.00519338+-0.000638009i
0.00802067+-0.0277591i,-0.0131635+0.040585i,-0.00192992+0.00297239i
0.0124033+-0.0298827i,-0.0183916+0.0372285i,-0.00209345+0.00250561i
0.0170687+-0.0311032i,-0.0220515+0.0336397i,-0.00208235+0.00222209i
0.0215778+-0.0314374i,-0.0243165+0.0302226i,-0.00198573+0.00213705i
0.0255521+-0.031037i,-0.0254042+0.0272488i,-0.00186766+0.00223273i
0.0287059+-0.0301295i,-0.0255323+0.0248731i,-0.00176271+0.00247436i
0.0308527+-0.0289606i,-0.0248904+0.0231554i,-0.00167826+0.00282216i
0.0318941+-0.0277471i,-0.0236261+0.0220832i,-0.00160028+0.00323844i
0.0318009+-0.0266439i,-0.0218419+0.0215898i,-0.0015005+0.00368999i
0.0305951+-0.0257249i,-0.0195997+0.0215688i,-0.0013433+0.0041471i
0.0283364+-0.0249764i,-0.0169303+0.021884i,-0.0010921+0.00458062i
0.0251186+-0.024301i,-0.013847+0.0223752i,-0.000715034+0.00495824i
0.0210726+-0.0235303i,-0.0103609+0.022863i,-0.000190377+0.00524161i
0.0163773+-0.0224467i,-0.0064967+0.0231539i,0.000488124+0.00538508i
0.0112722+-0.0208138i,-0.00230914+0.0230469i,0.00130604+0.00533707i
0.00606731+-0.0184146i,0.00210249+0.0223442i,0.00222377+0.00504477i
0.00114385+-0.0150965i,0.00658309+0.020867i,0.00317378+0.0044622i
-0.00306068+-0.0108192i,0.0109159+0.0184757i,0.00406116+0.00356134i
-0.006088+-0.0056982i,0.0148249+0.0150945i,0.004769+0.0023449i
-0.00751648+-3.35251e-05i,0.0179876+0.0107383i,0.00516991+0.000858477i
0.0132829+-0.0233962i,-0.0224605+0.0381492i,-0.00260429+0.0021344i
0.017533+-0.0246629i,-0.0271641+0.0337239i,-0.00264662+0.00162569i
0.0219715+-0.0250981i,-0.0302494+0.0293432i,-0.00255465+0.00132952i
0.0261909+-0.0247651i,-0.0319514+0.0253897i,-0.00241855+0.00124557i
0.0298551+-0.0238516i,-0.032531+0.0221087i,-0.00229889+0.00134585i
0.032723+-0.0226088i,-0.0322324+0.0196289i,-0.00222483+0.00159095i
0.0346478+-0.0212959i,-0.0312579+0.017987i,-0.00219815+0.00194138i
0.0355599+-0.0201358i,-0.0297554+0.0171506i,-0.00219987+0.00236351i
0.035444+-0.0192855i,-0.0278175+0.0170378i,-0.00219742+0.00283091i
0.0343188+-0.0188191i,-0.0254872+0.0175302i,-0.00215096+0.00332224i
0.0322225+-0.0187221i,-0.0227693+0.0184809i,-0.00201885+0.00381728i
0.0292095+-0.0188934i,-0.0196449+0.0197188i,-0.00176232+0.00429231i
0.0253553+-0.019155i,-0.0160882+0.0210509i,-0.0013501+0.004716i
0.0207709+-0.0192681i,-0.0120852+0.0222648i,-0.00076323+0.00504678i
0.0156208+-0.0189584i,-0.0076523+0.0231335i,-4.83931e-07+0.00523275i
0.0101422+-0.0179483i,-0.00285427+0.0234244i,0.000916183+0.00521465i
0.00465601+-0.0159995i,0.00218086+0.0229151i,0.00193692+0.00493253i
-0.000434247+-0.0129615i,0.00725231+0.021414i,0.00298156+0.00433616i
-0.00466437+-0.00882221i,0.0120855+0.0187878i,0.0039413+0.00339822i
-0.00755531+-0.00375087i,0.0163426+0.0149912i,0.00468625+0.00212858i
0.0166339+-0.0183636i,-0.0297815+0.0339137i,-0.0029178+0.00120709i
0.0205461+-0.0189753i,-0.0338278+0.0287206i,-0.00283992+0.000694491i
0.0246026+-0.0188378i,-0.03628+0.0238079i,-0.00266899+0.000410302i
0.0284306+-0.0180402i,-0.0374173+0.0195284i,-0.00249304+0.000340646i
0.0317339+-0.0167871i,-0.0375293+0.0160986i,-0.0023678+0.000449329i
0.034311+-0.015338i,-0.036876+0.0136219i,-0.00231714+0.000693747i
0.0360485+-0.0139545i,-0.0356647+0.0121149i,-0.00233838+0.00103538i
0.0369005+-0.0128595i,-0.0340397+0.0115313i,-0.00240946+0.00144477i
0.0368628+-0.0122108i,-0.0320818+0.0117799i,-0.00249583+0.0019019i
0.035951+-0.0120864i,-0.0298152+0.0127378i,-0.00255614+0.00239343i
0.0341854+-0.0124793i,-0.0272196+0.0142561i,-0.0025467+0.0029081i
0.0315868+-0.0132979i,-0.0242451+0.0161621i,-0.00242511+0.00343146i
0.0281819+-0.0143724i,-0.0208303+0.0182594i,-0.00215383+0.00394107i
0.0240191+-0.0154661i,-0.016922+0.0203276i,-0.00170424+0.00440282i
0.0191896+-0.0162932i,-0.0124964+0.0221246i,-0.00106168+0.00476937i
0.013852+-0.0165453i,-0.00757909+0.0233938i,-0.000231251+0.00498152i
0.0082523+-0.0159278i,-0.00226417+0.0238786i,0.000756262+0.00497304i
0.00273399+-0.0142055i,0.00327316+0.0233437i,0.00183974+0.00467956i
-0.00227003+-0.0112555i,0.00877183+0.0216031i,0.00292618+0.00405103i
-0.00626943+-0.00711851i,0.0138922+0.0185533i,0.00389428+0.00306663i
0.0182643+-0.0132971i,-0.0348808+0.0287605i,-0.00291786+0.000313681i
0.0217201+-0.0134622i,-0.0382511+0.0231019i,-0.00273197+-0.000172297i
0.0253173+-0.0129579i,-0.0401036+0.0179008i,-0.00249116+-0.000425529i
0.0287156+-0.0118821i,-0.0407434+0.0134784i,-0.00227913+-0.000470833i
0.0316532+-0.0104409i,-0.0404747+0.0100242i,-0.00214617+-0.000350532i
0.0339606+-0.0088905i,-0.039564+0.00762103i,-0.00211129+-0.00010918i
0.0355505+-0.00748683i,-0.0382182+0.00627095i,-0.00216854+0.000216031i
0.036395+-0.00644845i,-0.0365753+0.00591939i,-0.00229433+0.000599388i
0.0364986+-0.0059331i,-0.0347047+0.00647273i,-0.00245403+0.00102641i
0.0358754+-0.00602509i,-0.0326143+0.00780964i,-0.00260698+0.00149068i
0.0345327+-0.00673028i,-0.030262+0.00978602i,-0.00271+0.00198897i
0.032466+-0.00797582i,-0.0275711+0.0122352i,-0.00272001+0.00251578i
0.0296636+-0.00961324i,-0.0244487+0.0149655i,-0.00259652+0.00305814i
0.0261218+-0.011425i,-0.020806+0.0177574i,-0.00230473+0.0035912i
0.021867+-0.0131361i,-0.0165804+0.0203633i,-0.00181985+0.00407566i
0.0169825+-0.0144334i,-0.0117591+0.022513i,-0.00113268+0.00445744i
0.011635+-0.0149945i,-0.00639921+0.0239259i,-0.000255955+0.0046708i
0.00609326+-0.0145283i,-0.000645342+0.0243321i,0.000769504+0.00464513i
0.00073218+-0.0128252i,0.00526294+0.0235019i,0.00187078+0.00431592i
-0.00398469+-0.00981224i,0.0109951+0.02128i,0.00294295+0.00363895i
0.0185046+-0.00864619i,-0.0378022+0.0234456i,-0.00268112+-0.000466191i
0.0214545+-0.00855152i,-0.040566+0.0175956i,-0.00240572+-0.000904655i
0.0245723+-0.00785849i,-0.0419188+0.0123143i,-0.0021078+-0.0011149i
0.0275463+-0.00666004i,-0.0421743+0.00789385i,-0.00186548+-0.00112988i
0.0301419+-0.00515278i,-0.0416391+0.00450291i,-0.00172357+-0.000996063i
0.0322133+-0.00358095i,-0.0405784+0.00221i,-0.00169696+-0.000758943i
0.033692+-0.00218927i,-0.0391949+0.0010096i,-0.00177748+-0.000454322i
0.0345628+-0.00118905i,-0.0376197+0.000845i,-0.00194129+-0.00010487i
0.0348369+-0.000737226i,-0.0359129+0.00162543i,-0.00215508+0.00027924i
0.0345284+-0.000925388i,-0.0340693+0.00323638i,-0.00238047+0.000697015i
0.0336372+-0.00177533i,-0.0320303+0.00554343i,-0.00257675+0.00115183i
0.0321426+-0.003238i,-0.0296982+0.00839089i,-0.00270258+0.00164603i
0.0300063+-0.00519425i,-0.0269545+0.0115973i,-0.00271742+0.00217563i
0.0271853+-0.00745751i,-0.0236803+0.0149505i,-0.0025837+0.00272567i
0.0236535+-0.00977982i,-0.0197797+0.0182052i,-0.00227015+0.00326674i
0.0194285+-0.0118641i,-0.0152041+0.0210857i,-0.00175669+0.0037535i
0.0146011+-0.0133855i,-0.00997576+0.0232969i,-0.00104066+0.00412595i
0.00935991+-0.0140247i,-0.00420718+0.0245443i,-0.000143578+0.00431417i
0.00400572+-0.0135127i,0.00188735+0.024564i,0.00088318+0.00424711i
-0.001053+-0.0116847i,0.00799324+0.023158i,0.00195564+0.00386525i
0.0177377+-0.0046816i,-0.038774+0.0185354i,-0.00229268+-0.00109396i
0.0201804+-0.00447666i,-0.0410593+0.0127257i,-0.00194836+-0.0014737i
0.0228358+-0.00373401i,-0.042053+0.00752961i,-0.00160684+-0.00163575i
0.025416+-0.00253185i,-0.0420619+0.00321736i,-0.00134022+-0.00161852i
0.0277069+-0.00104917i,-0.041385+-5.58309e-05i,-0.00118826+-0.00147086i
0.0295788+0.000487479i,-0.0402803+-0.0022277i,-0.0011626+-0.00123842i
0.030975+0.00184817i,-0.0389441+-0.00330458i,-0.00125382+-0.000955773i
0.0318885+0.00283088i,-0.0375014+-0.00333954i,-0.00143879+-0.00064338i
0.0323355+0.00328041i,-0.0360052+-0.002416i,-0.00168644+-0.000308456i
0.0323314+0.00309795i,-0.0344418+-0.000638105i,-0.00196174+5.18055e-05i
0.031874+0.00224505i,-0.0327413+0.00187233i,-0.00222775+0.000445673i
0.0309348+0.000745086i,-0.0307917+0.00497332i,-0.00244659+0.000881783i
0.0294599+-0.00131594i,-0.0284555+0.00849681i,-0.00258006+0.00136405i
0.0273809+-0.0037891i,-0.0255911+0.0122419i,-0.00259074+0.00188697i
0.0246325+-0.00646405i,-0.0220755+0.0159703i,-0.00244432+0.00243174i
0.0211795+-0.00907516i,-0.0178302+0.0194073i,-0.00211352+0.00296385i
0.0170447+-0.0113154i,-0.0128467+0.022251i,-0.00158368+0.00343275i
0.0123389+-0.0128615i,-0.00720788+0.0241913i,-0.000859416+0.00377464i
0.00728119+-0.0134113i,-0.00110253+0.0249399i,2.87877e-05+0.00391883i
0.00220644+-0.0127332i,0.0051739+0.0242668i,0.00101986+0.00379821i
0.0163345+-0.00152678i,-0.0381158+0.0143899i,-0.00183199+-0.00156352i
0.0182987+-0.00131732i,-0.0400802+0.00880653i,-0.00143826+-0.00188176i
0.0205288+-0.00062218i,-0.0408721+0.00382131i,-0.00106529+-0.00199626i
0.0227567+0.000501841i,-0.0407785+-0.000309418i,-0.000779327+-0.00194848i
0.0247829+0.00189871i,-0.0400829+-0.00343508i,-0.000615837+-0.00178816i
0.0264878+0.00336332i,-0.0390317+-0.00549179i,-0.000584096+-0.00156061i
0.027821+0.00468292i,-0.0378135+-0.00648007i,-0.000674322+-0.0012994i
0.0287798+0.00566628i,-0.0365483+-0.00644434i,-0.000864741+-0.00102365i
0.0293836+0.00616096i,-0.035285+-0.00545717i,-0.00112713+-0.000738918i
0.0296505+0.0060619i,-0.0340056+-0.00361014i,-0.00143034+-0.000440189i
0.0295801+0.00531488i,-0.0326346+-0.00101116i,-0.00174197+-0.000116015i
0.0291433+0.00391807i,-0.0310513+0.00221236i,-0.00202874+0.000246846i
0.0282806+0.00192374i,-0.0291067+0.00590668i,-0.00225643+0.000658741i
0.0269097+-0.000559498i,-0.0266432+0.00988368i,-0.00239008+0.00112264i
0.0249403+-0.00336476i,-0.0235184+0.0139148i,-0.00239528+0.00163014i
0.0222965+-0.00626789i,-0.0196312+0.0177304i,-0.00224095+0.00215842i
0.0189451+-0.00899458i,-0.0149481+0.0210273i,-0.0019039+0.00266871i
0.0149249+-0.0112371i,-0.00952752+0.0234876i,-0.00137492+0.00310717i
0.0103729+-0.0126833i,-0.0035352+0.0248076i,-0.000665486+0.00340892i
0.00553978+-0.013059i,0.00275233+0.024736i,0.000186248+0.00350586i
0.0146141+0.000800118i,-0.0361665+0.0111775i,-0.00136495+-0.0018903i
0.0161447+0.000951772i,-0.0379724+0.00596577i,-0.000938354+-0.00215085i
0.0179946+0.00154234i,-0.0387174+0.001285i,-0.000543596+-0.00222294i
0.0199128+0.0025404i,-0.0386584+-0.00261412i,-0.000241633+-0.00214905i
0.0217108+0.00381617i,-0.0380564+-0.00557735i,-6.45282e-05+-0.00197867i
0.0232741+0.00518832i,-0.0371434+-0.00753181i,-2.01174e-05+-0.00175639i
0.024555+0.00646287i,-0.0360996+-0.00846635i,-9.89596e-05+-0.00151506i
0.0255517+0.00746054i,-0.0350409+-0.00841251i,-0.000281141+-0.00127329i
0.0262858+0.00803289i,-0.0340148+-0.00742946i,-0.000541558+-0.00103613i
0.0267787+0.00807016i,-0.033003+-0.00559504i,-0.000853179+-0.000797749i
0.0270347+0.0075042i,-0.0319288+-0.0030032i,-0.00118843+-0.00054507i
0.0270293+0.00630997i,-0.0306689+0.000232688i,-0.00151925+-0.000261862i
0.0267054+0.0045075i,-0.0290686+0.00397255i,-0.00181642+6.71249e-05i
0.0259767+0.00216531i,-0.0269618+0.00804077i,-0.00204907+0.000452066i
0.024739+-0.000595302i,-0.024194+0.0122192i,-0.00218491+0.000894192i
0.0228887+-0.00359723i,-0.0206488+0.0162453i,-0.00219187+0.00138239i
0.0203474+-0.00660863i,-0.0162755+0.0198189i,-0.00204138+0.00189077i
0.0170908+-0.00935182i,-0.0111139+0.02262i,-0.00171346+0.00237792i
0.013177+-0.0115233i,-0.00531184+0.0243378i,-0.00120305+0.00278863i
0.00876919+-0.012827i,0.000870759+0.0247093i,-0.000526487+0.00305893i
0.0128231+0.00234493i,-0.0332397+0.00890666i,-0.000941326+-0.00210073i
0.013973+0.0024152i,-0.0350345+0.00417996i,-0.00049462+-0.00231209i
0.0154889+0.00287937i,-0.0358705+-0.000124644i,-8.48962e-05+-0.00235006i
0.0171365+0.00373314i,-0.0359659+-0.00375501i,0.000231425+-0.00225655i
0.0187359+0.00487463i,-0.035554+-0.00654614i,0.000424747+-0.00207993i
0.0201757+0.00614762i,-0.0348493+-0.00840989i,0.000487828+-0.00186384i
0.0214076+0.00737796i,-0.0340229+-0.00931856i,0.000429158+-0.00164072i
0.0224295+0.00839937i,-0.0331875+-0.00928743i,0.000266449+-0.0014293i
0.0232635+0.0090687i,-0.0323914+-0.00836049i,2.1576e-05+-0.00123509i
0.0239348+0.00927325i,-0.0316188+-0.00660139i,-0.000282536+-0.00105256i
0.0244543+0.00893333i,-0.0307959+-0.00409084i,-0.000623165+-0.000868318i
0.0248058+0.00800338i,-0.0298012+-0.000929611i,-0.00097761+-0.000664513i
0.0249397+0.00647391i,-0.0284802+0.00275415i,-0.00132219+-0.000422392i
0.0247733+0.00437533i,-0.0266646+0.00679588i,-0.00163109+-0.00012587i
0.0241976+0.00178379i,-0.0241947+0.0109872i,-0.00187566+0.000234882i
0.0230911+-0.00117271i,-0.0209467+0.0150733i,-0.00202488+0.000659945i
0.0213409+-0.00431024i,-0.01686+0.0187595i,-0.00204729+0.00113655i
0.0188684+-0.0073906i,-0.0119632+0.0217284i,-0.00191481+0.00163692i
0.0156586+-0.0101323i,-0.00639197+0.0236692i,-0.00160824+0.00211792i
0.0117877+-0.0122337i,-0.000393702+0.0243162i,-0.00112385+0.00252328i
0.0111289+0.00318328i,-0.0296027+0.00746423i,-0.000595216+-0.00222365i
0.0119553+0.0031799i,-0.0315045+0.00331337i,-0.000137473+-0.00239731i
0.0131826+0.00352469i,-0.0325419+-0.000555558i,0.000282959+-0.00241144i
0.0145942+0.00424019i,-0.0328875+-0.00388383i,0.000613368+-0.0023062i
0.0160187+0.00525272i,-0.0327423+-0.00649042i,0.000825733+-0.00212824i
0.0173468+0.00643164i,-0.0323004+-0.00826721i,0.00091266+-0.00192012i
0.018529+0.00762328i,-0.0317226+-0.00916614i,0.000881171+-0.00171408i
0.0195614+0.00867521i,-0.0311188+-0.00918374i,0.000746533+-0.0015295i
0.0204662+0.00945085i,-0.0305391+-0.00834757i,0.000527374+-0.00137302i
0.0212725+0.00983633i,-0.0299722+-0.0067072i,0.000242646+-0.00124028i
0.0219985+0.00974281i,-0.0293502+-0.00433118i,-8.95935e-05+-0.00111852i
0.0226381+0.0091071i,-0.0285573+-0.00130957i,-0.000451912+-0.000989331i
0.0231529+0.0078933i,-0.027444+0.00223915i,-0.000826247+-0.00083161i
0.0234684+0.00609666i,-0.0258451+0.00615938i,-0.00119223+-0.000624513i
0.0234771+0.00375024i,-0.0236025+0.010251i,-0.00152569+-0.000350669i
0.0230471+0.000933437i,-0.0205919+0.0142669i,-0.00179792+3.83373e-07i
0.0220389+-0.00221964i,-0.0167506+0.0179193i,-0.00197626+0.000428618i
0.0203277+-0.00551513i,-0.0121029+0.0208972i,-0.00202654+0.000920203i
0.0178321+-0.00870154i,-0.00677871+0.0228956i,-0.00191748+0.00144514i
0.0145443+-0.0114829i,-0.00101763+0.0236542i,-0.00162699+0.00195679i
0.00962094+0.00339684i,-0.0254755+0.00665401i,-0.000347305+-0.00228412i
0.0101854+0.00334966i,-0.0275628+0.00315446i,0.00011546+-0.00243319i
0.0111703+0.00360352i,-0.0288777+-0.00022425i,0.000544257+-0.00243485i
0.0123785+0.00420566i,-0.0295408+-0.00321435i,0.000889283+-0.00232671i
0.0136487+0.00510954i,-0.0297164+-0.00561579i,0.00112331+-0.00215326i
0.0148744+0.00620976i,-0.0295755+-0.00729748i,0.00123814+-0.00195592i
0.0160052+0.00737325i,-0.0292666+-0.00818851i,0.00123892+-0.00176689i
0.0170353+0.00846201i,-0.028896+-0.00826495i,0.00113827+-0.00160651i
0.0179871+0.00934705i,-0.0285159+-0.00753722i,0.000951599+-0.00148299i
0.0188932+0.00991492i,-0.0281209+-0.00604115i,0.000694064+-0.00139371i
0.0197793+0.0100697i,-0.0276508+-0.00383436i,0.000379338+-0.00132714i
0.0206504+0.00973325i,-0.0269986+-0.000998179i,1.98799e-05+-0.00126505i
0.0214803+0.00884629i,-0.0260232+0.00235627i,-0.000371643+-0.0011848i
0.0222053+0.00737211i,-0.0245677+0.00608007i,-0.000780264+-0.00106169i
0.0227225+0.00530369i,-0.0224812+0.00997971i,-0.00118647+-0.000871762i
0.0228946+0.0026741i,-0.0196456+0.0138152i,-0.00156439+-0.000595083i
0.0225609+-0.000431371i,-0.0160028+0.0173069i,-0.00188105+-0.0002197i
0.0215567+-0.00386405i,-0.0115799+0.0201532i,-0.0020974+0.000254011i
0.0197398+-0.00740561i,-0.00650712+0.0220601i,-0.00217152+0.000809158i
0.0170238+-0.0107713i,-0.00102056+0.0227803i,-0.00206456+0.00140929i
0.00831557+0.00306121i,-0.0210424+0.00623235i,-0.000207347+-0.00229971i
0.00868677+0.0030116i,-0.0233488+0.00344803i,0.000256524+-0.00243795i
0.00947985+0.00321599i,-0.0249778+0.000612746i,0.000692421+-0.00243893i
0.0105198+0.00374246i,-0.0259939+-0.00199724i,0.00105272+-0.00233723i
0.0116577+0.00456916i,-0.0265203+-0.00416236i,0.00131031+-0.00217493i
0.0127922+0.00561459i,-0.026701+-0.00572748i,0.00145569+-0.00199222i
0.0138731+0.0067657i,-0.0266701+-0.0065977i,0.00149176+-0.00182137i
0.0148937+0.00789901i,-0.0265286+-0.00672779i,0.00142835+-0.00168383i
0.0158768+0.00889372i,-0.0263301+-0.0061108i,0.00127767+-0.0015896i
0.0168586+0.00963788i,-0.0260754+-0.00476924i,0.00105128+-0.00153801i
0.0178719+0.0100301i,-0.0257133+-0.00275105i,0.000758797+-0.00151908i
0.0189324+0.00997939i,-0.0251473+-0.000130587i,0.000408107+-0.00151515i
0.020026+0.00940581i,-0.0242483+0.00298631i,6.93744e-06+-0.0015025i
0.0210998+0.00824378i,-0.0228713+0.0064554i,-0.000434712+-0.00145322i
0.0220567+0.00644971i,-0.020878+0.0100884i,-0.000901651+-0.00133751i
0.0227556+0.00401389i,-0.0181619+0.0136519i,-0.00137069+-0.00112692i
0.0230177+0.000976126i,-0.0146758+0.0168756i,-0.00180866+-0.000798545i
0.0226422+-0.00255746i,-0.0104559+0.01947i,-0.00217204+-0.000340356i
0.0214315+-0.00640025i,-0.00563754+0.0211574i,-0.00240915+0.000242867i
0.0192262+-0.0102788i,-0.000457296+0.0217096i,-0.00246556+0.000924065i
0.00716357+0.00224538i,-0.0164702+0.00594066i,-0.000176215+-0.002279i
0.00741932+0.00223437i,-0.0189816+0.00392362i,0.00028589+-0.00242011i
0.00807973+0.0024341i,-0.0209205+0.00168322i,0.000727838+-0.00243214i
0.00899418+0.00292808i,-0.0222914+-0.000499412i,0.00110353+-0.00234635i
0.0100291+0.00371527i,-0.0231722+-0.00238729i,0.00138542+-0.00220232i
0.0110905+0.00473557i,-0.0236766+-0.00380224i,0.00156228+-0.00203899i
0.0121308+0.00589446i,-0.0239207+-0.00462564i,0.00163447+-0.00188867i
0.0131437+0.00708227i,-0.0239979+-0.00479103i,0.00160893+-0.00177391i
0.0141534+0.00818629i,-0.023962+-0.00427428i,0.00149468+-0.00170652i
0.0151995+0.0090965i,-0.0238192+-0.00308521i,0.00129988+-0.00168774i
0.0163216+0.00970697i,-0.0235278+-0.00126309i,0.00103043+-0.00170918i
0.0175447+0.00991536i,-0.0230034+0.00112328i,0.000690141+-0.00175379i
0.0188654+0.00962315i,-0.022131+0.00397172i,0.000282438+-0.00179696i
0.0202399+0.00873885i,-0.0207812+0.00714122i,-0.000186912+-0.00180792i
0.0215759+0.007186i,-0.0188322+0.0104477i,-0.000706262+-0.00175166i
0.0227274+0.00491675i,-0.0161942+0.0136648i,-0.00125438+-0.00159207i
0.0234982+0.00193074i,-0.012836+0.0165324i,-0.0017973+-0.00129654i
0.0236537+-0.00170275i,-0.0088076+0.0187769i,-0.00228683+-0.000842217i
0.0229449+-0.00582319i,-0.00425381+0.0201409i,-0.0026618+-0.000223586i
0.0211461+-0.0101638i,0.000586152+0.0204218i,-0.00285316+0.000539767i
0.00605917+0.00102138i,-0.0119258+0.00553544i,-0.000247192+-0.00222184i
0.00628686+0.0010769i,-0.0145828+0.00432172i,0.000210311+-0.00237899i
0.00688514+0.00130913i,-0.0167865+0.0027217i,0.000656731+-0.00241331i
0.0077289+0.00181035i,-0.0184799+0.00101485i,0.00104686+-0.0023527i
0.00870195+0.00259522i,-0.019692+-0.000549068i,0.00135228+-0.00223421i
0.00972038+0.00362119i,-0.020502+-0.00177183i,0.00155963+-0.00209548i
0.0107414+0.00480971i,-0.0210049+-0.00251285i,0.00166656+-0.00196882i
0.0117612+0.00606318i,-0.0212832+-0.00268551i,0.00167699+-0.00187777i
0.0128061+0.00727596i,-0.0213888+-0.0022492i,0.00159681+-0.00183572i
0.0139193+0.00833955i,-0.0213325+-0.00120175i,0.00143097+-0.00184565i
0.0151463+0.00914359i,-0.0210816+0.000425379i,0.00118201+-0.0019005i
0.0165197+0.00957515i,-0.0205649+0.00256794i,0.000850279+-0.00198363i
0.0180441+0.00951873i,-0.0196832+0.00512647i,0.000435664+-0.00206952i
0.0196823+0.00885959i,-0.0183253+0.00796246i,-5.92999e-05+-0.00212463i
0.0213429+0.00749243i,-0.0163894+0.010896i,-0.000625359+-0.00210922i
0.022873+0.00533684i,-0.0138065+0.0137082i,-0.00124202+-0.00198046i
0.0240574+0.00235943i,-0.0105651+0.0161517i,-0.00187347+-0.00169748i
0.0246284+-0.00139881i,-0.00673249+0.0179715i,-0.00246608+-0.00122862i
0.0242895+-0.00579421i,-0.00246533+0.0189355i,-0.00294906+-0.000560636i
0.0227561+-0.0105578i,0.00199359+0.0188716i,-0.00323955+0.000291477i
0.00485348+-0.000518034i,-0.00758925+0.00481641i,-0.000406608+-0.00212121i
0.00514637+-0.000393806i,-0.0102922+0.0044191i,4.26425e-05+-0.00230664i
0.0057637+-0.000111573i,-0.012679+0.00349181i,0.000490856+-0.00237368i
0.00660502+0.000422622i,-0.0146302+0.00230346i,0.000893105+-0.0023469i
0.0075723+0.001233i,-0.016124+0.0011096i,0.00121959+-0.00226088i
0.00859335+0.00228968i,-0.0172016+0.000123604i,0.00145456+-0.00215194i
0.00963216+0.00352623i,-0.0179327+-0.000495251i,0.00159276+-0.00205226i
0.0106889+0.0048543i,-0.0183862+-0.000642156i,0.00163498+-0.00198617i
0.011793+0.00617323i,-0.0186094+-0.000261347i,0.00158411+-0.00196837i
0.0129911+0.0073746i,-0.0186159+0.00066051i,0.00144207+-0.00200316i
0.0143334+0.00834288i,-0.0183819+0.0020991i,0.00120852+-0.00208442i
0.0158578+0.0089546i,-0.0178496+0.00399422i,0.00088096+-0.00219557i
0.0175737+0.00907844i,-0.0169368+0.00624879i,0.000456726+-0.00230989i
0.0194458+0.00857896i,-0.0155528+0.00872689i,-6.36711e-05+-0.00239117i
0.0213799+0.00732646i,-0.013618+0.0112535i,-0.000671929+-0.00239534i
0.0232118+0.00521454i,-0.011087+0.0136188i,-0.00134675+-0.00227384i
0.0247049+0.00218575i,-0.00797084+0.0155907i,-0.002049+-0.00197924i
0.0255585+-0.0017362i,-0.00435564+0.0169365i,-0.00271859+-0.00147359i
0.0254328+-0.00641216i,-0.000410686+0.0174534i,-0.00327485+-0.000739077i
0.0239937+-0.0115587i,0.0036186+0.0170046i,-0.00362205+0.000210201i
0.00337516+-0.0022376i,-0.00365595+0.00365183i,-0.000634222+-0.00196611i
0.00382297+-0.00207894i,-0.00627564+0.00405317i,-0.000198348+-0.00219076i
0.0045453+-0.00176041i,-0.00873367+0.00380934i,0.000247544+-0.00229987i
0.00546287+-0.00119297i,-0.0108509+0.00316799i,0.000658115+-0.00231468i
0.00649457+-0.00034915i,-0.0125534+0.00238167i,0.0010017+-0.00226728i
0.00757999+0.000748234i,-0.0138416+0.0016723i,0.00125982+-0.00219268i
0.00869064+0.00204009i,-0.0147568+0.00121326i,0.00142409+-0.00212279i
0.00983139+0.00344337i,-0.0153508+0.00112455i,0.00149221+-0.00208249i
0.0110349+0.00485926i,-0.015664+0.00147532i,0.00146408+-0.0020874i
0.0123508+0.00617698i,-0.0157111+0.002289i,0.00133896+-0.00214274i
0.0138322+0.00727426i,-0.0154762+0.00354795i,0.00111407+-0.00224279i
0.0155193+0.00801653i,-0.0149147+0.00519594i,0.000784928+-0.00237061i
0.0174221+0.00825746i,-0.0139626+0.00713862i,0.000347371+-0.00249798i
0.0195027+0.00784361i,-0.0125507+0.00924356i,-0.000198695+-0.00258599i
0.0216583+0.00662589i,-0.0106234+0.0113421i,-0.000844255+-0.00258679i
0.0237092+0.00447966i,-0.00816028+0.0132359i,-0.00156544+-0.00244726i
0.0253944+0.00133406i,-0.00519592+0.0147112i,-0.00231819+-0.00211544i
0.026381+-0.0027913i,-0.00183556+0.0155609i,-0.00303483+-0.00154997i
0.0262915+-0.0077471i,0.00174018+0.0156155i,-0.00362468+-0.000732233i
0.0247539+-0.0132212i,0.00528586+0.0147766i,-0.00398049+0.000320314i
0.00146124+-0.00393922i,-0.000327454+0.00199849i,-0.000903854+-0.00174506i
0.00213478+-0.00382278i,-0.00271871+0.00314338i,-0.000488422+-0.00201837i
0.00304045+-0.00352169i,-0.00511745+0.00356428i,-5.05565e-05+-0.00217766i
0.00411429+-0.0029566i,-0.00728955+0.00347598i,0.00036323+-0.00224069i
0.00528838+-0.0021022i,-0.00910997+0.00311802i,0.000718825+-0.00223699i
0.00651202+-0.00097978i,-0.0105371+0.00271296i,0.000994591+-0.00220019i
0.00776306+0.000353775i,-0.0115811+0.00244258i,0.00117881+-0.00216178i
0.00905025+0.00181608i,-0.0122741+0.00243829i,0.001266+-0.00214694i
0.0104085+0.00330616i,-0.0126469+0.0027803i,0.00125323+-0.00217186i
0.0118888+0.00470771i,-0.0127135+0.003501i,0.00113743+-0.00224222i
0.0135444+0.00588944i,-0.0124649+0.00458908i,0.000914049+-0.00235222i
0.0154143+0.00670473i,-0.0118697+0.0059926i,0.000577477+-0.00248412i
0.0175043+0.00699299i,-0.010882+0.00762095i,0.00012334+-0.00260799i
0.0197681+0.0065858i,-0.00945469+0.00934672i,-0.000447505+-0.00268236i
0.0220892+0.00532047i,-0.00755701+0.0110098i,-0.00112354+-0.00265624i
0.0242676+0.00306314i,-0.0051935+0.0124262i,-0.0018765+-0.00247344i
0.0260162+-0.00025829i,-0.00242183+0.0134033i,-0.0026558+-0.00207982i
0.0269718+-0.00461347i,0.000635212+0.0137635i,-0.0033853+-0.00143397i
0.0267276+-0.00982688i,0.00378853+0.0133734i,-0.00396457+-0.000520592i
0.0248893+-0.0155428i,0.00679672+0.012175i,-0.00427689+0.00063493i
-0.0010005+-0.00535109i,0.00221067+-8.79718e-05i,-0.00118472+-0.00144972i
-6.9676e-05+-0.00539357i,0.000191927+0.00170535i,-0.00079909+-0.00177932i
0.00107175+-0.00520636i,-0.00201209+0.00273802i,-0.000376613+-0.00199567i
0.00236747+-0.00472135i,-0.00412003+0.00318053i,3.42215e-05+-0.00211252i
0.00375687+-0.00391874i,-0.00595898+0.00324885i,0.000396155+-0.00215658i
0.00519451+-0.0028225i,-0.0074454+0.00315755i,0.00068387+-0.00215985i
0.0066612+-0.00149194i,-0.00855692+0.00309037i,0.00088197+-0.00215325i
0.00816668+-1.33296e-05i,-0.00930374+0.0031857i,0.000981657+-0.00216201i
0.00974531+0.00150602i,-0.00970498+0.00353219i,0.000977323+-0.00220258i
0.0114462+0.00294068i,-0.0097725+0.00416992i,0.000863943+-0.00228073i
0.0133189+0.00414787i,-0.00950294+0.00509376i,0.000635882+-0.00239024i
0.0153962+0.00496788i,-0.00887737+0.00625679i,0.000287473+-0.00251225i
0.0176745+0.0052269i,-0.00786781+0.00757354i,-0.000184526+-0.00261507i
0.0200934+0.00474514i,-0.00644915+0.00892374i,-0.000776654+-0.00265505i
0.0225171+0.0033531i,-0.0046147+0.0101585i,-0.00147308+-0.00257908i
0.0247222+0.00091786i,-0.00239311+0.0111108i,-0.00223937+-0.00232965i
0.0263949+-0.00262051i,0.000136917+0.0116128i,-0.00301711+-0.00185324i
0.0271472+-0.00720525i,0.00283812+0.0115186i,-0.00372125+-0.00111201i
0.0265541+-0.0126186i,0.00551715+0.0107328i,-0.00424263+-9.84055e-05i
0.0242192+-0.0184481i,0.00794177+0.00923846i,-0.00445793+0.00114978i
