(0.012873871921733488-0.01239614106625273j),(-0.000917115925120509+0.000998633087261517j),(-7.159345959150613e-05-0.0021183564756032756j)
(0.018347638496185193-0.011428988119789093j),(-0.001097274242746746+0.0008876706430707025j),(0.0004151118129530137-0.002096130642011275j)
(0.023533598198424367-0.009434327098713885j),(-0.0012394210456988415+0.000709720240090016j),(0.0007786968929976946-0.001944884409939307j)
(0.02820306896030589-0.006747489250135927j),(-0.0013212134622879396+0.0004780286464825263j),(0.000991511056130863-0.0017215785143949443j)
(0.03225192657500595-0.0037395011072177747j),(-0.0013300893576783685+0.00020950197934276898j),(0.0010481869668423007-0.0014757563976420048j)
(0.035675344118139274-0.0007741119362572721j),(-0.0012631734974805791-7.994910153692582e-05j),(0.000958568267875857-0.001243017088567843j)
(0.038532101692891285+0.0018194272652195267j),(-0.001125937196538091-0.00037870717654092895j),(0.0007409893098098144-0.0010423668274969998j)
(0.040906103173412006+0.003760185698747092j),(-0.0009304712653313775-0.0006811878375031444j),(0.0004172609589712026-0.0008764123363909106j)
(0.042870412768167235+0.004820537647654415j),(-0.0006940022602231221-0.000988105814107001j),(9.9503322817884e-06-0.0007333551755653136j)
(0.04445710365841737+0.004827559255388574j),(-0.00043798744532153603-0.0013054687151543196j),(-0.00045804166275593397-0.0005900263423214547j)
(0.04563493672986685+0.0036656522894508727j),(-0.00018782921446481188-0.0016424992005936948j),(-0.0009620008023801507-0.00041558758686273867j)
(0.046296451268109204+0.0012839999867965035j),(2.701497322534337e-05-0.002008636416509795j),(-0.0014726855896291227-0.00017588359481644257j)
(0.04625627434627931-0.002289318265394077j),(0.00017297594637807515-0.0024097362725505464j),(-0.001953258595995416+0.00016134192043413187j)
(0.045262967457890525-0.006926989372772681j),(0.00021299543555647414-0.002843637013364094j),(-0.0023569397335278307+0.0006201245553030749j)
(0.04302701017948069-0.012379045853239937j),(0.00010856089078672927-0.0032954248599388583j),(-0.0026266344602676943+0.0012088331456700675j)
(0.03926696303001216-0.018252514681213857j),(-0.00017612627361540678-0.0037330416820673864j),(-0.0026978763335268074+0.0019120801712466848j)
(0.03377384219507401-0.024003242037659755j),(-0.0006673342473044754-0.004104298719560948j),(-0.0025062854258445346+0.0026832234033346324j)
(0.02648981495793229-0.02895116512206917j),(-0.0013723128658937927-0.004336811620260747j),(-0.002000203254035478+0.0034395933119368872j)
(0.017591420348186244-0.0323305449384528j),(-0.0022679576114730668-0.00434268655792341j),(-0.001158050248546252+0.004063391574729851j)
(0.007560282450394659-0.033383581305406695j),(-0.0032896450088845115-0.004029715353192858j),(-8.191347349803871e-06+0.0044115450982618425j)
(0.013170203297445915-0.01266497708182509j),(-0.0020664083795832212+0.00021619218314341567j),(2.5935286363672834e-05-0.0021773655284441813j)
(0.01845896601999851-0.011046950812481048j),(-0.0021088876321820713-7.388000375750813e-05j),(0.0005050411231251878-0.0021055788987118977j)
(0.023318200899511487-0.00846356849841091j),(-0.002091861640384613-0.0003680389372986195j),(0.000855136764788346-0.001922161129745301j)
(0.027576382579289044-0.005260333568395503j),(-0.0020124154877613795-0.0006525009948498114j),(0.0010555865792645745-0.001683179310843365j)
(0.03118332033166781-0.0018002705829962425j),(-0.0018730582187426038-0.0009149124786934847j),(0.001105578880294738-0.0014360489999542935j)
(0.03418200824982685+0.0015723337783279945j),(-0.0016805966493449167-0.0011467556149676312j),(0.0010170870203702622-0.0012141055196102878j)
(0.036672624926624445+0.004552491150519443j),(-0.001444639369296363-0.0013447773394061877j),(0.000808427762425954-0.00103464133674795j)
(0.038775291638461225+0.006882302192011933j),(-0.0011762845982578847-0.0015114836942593246j),(0.0004995810790217299-0.0008993660370425153j)
(0.040595847830614214+0.008350709420867328j),(-0.0008873617452941935-0.0016548640193996455j),(0.00010975350465320272-0.0007962934076600705j)
(0.042196977747363175+0.008790422945994912j),(-0.0005903988689464073-0.0017875102557970844j),(-0.00034283148560093147-0.0007023566723989362j)
(0.04357589889095586+0.008076789885645417j),(-0.00029930589534375805-0.0019252199426733068j),(-0.0008392581449914379-0.0005864425974187939j)
(0.04464957219457065+0.006132336463850484j),(-3.0599264966508664e-05-0.0020850660133060793j),(-0.0013569153086219743-0.00041290009211250676j)
(0.04524885911846807+0.00293922737508113j),(0.0001951634095797361-0.002282831176741164j),(-0.001865900993072806-0.00014583467984410117j)
(0.045123908011079475-0.001440026302088655j),(0.000352230388526391-0.0025296863830831257j),(-0.002325765085087947+0.00024541738611457954j)
(0.043963840215104945-0.00683567803865413j),(0.0004094346792502065-0.0028280855071195926j),(-0.0026837399600555525+0.0007793869605527832j)
(0.04143395013439061-0.012942631875208494j),(0.00033167798781281283-0.003167088029708098j),(-0.002875800106755473+0.0014543095509946791j)
(0.03723248911744069-0.019299241482442827j),(8.391071095233593e-05-0.003517723683139714j),(-0.0028319329071337987+0.0022395696199919747j)
(0.03116607050265799-0.025284084936595192j),(-0.00036179434389180286-0.0038295504098767286j),(-0.0024867114614902696+0.0030685456155678708j)
(0.02323746736574159-0.030143443013544255j),(-0.0010160037803352605-0.004030130051569999j),(-0.001795430762530574+0.003835632786110763j)
(0.013732300560266997-0.03306118683041904j),(-0.0018594071519782204-0.0040295566148125725j),(-0.0007545466841110804+0.004400932195982309j)
(0.013251118107771317-0.01333180634484861j),(-0.002931555437100972-0.000977233732415811j),(8.861236218636105e-05-0.0022232460040167213j)
(0.018238446614831927-0.011293708423696648j),(-0.002776674713417409-0.0014007437890028152j),(0.0005501527403478755-0.0021174554086859825j)
(0.022704159338687534-0.008375549440719247j),(-0.0025630478910520717-0.0017611543199996802j),(0.0008843229237901511-0.001914675075225605j)
(0.026523476958175998-0.0049121157189870425j),(-0.0023066139715035463-0.0020509304604865684j),(0.001075437944303096-0.0016678166167805126j)
(0.029684583845456705-0.0012428159900941924j),(-0.0020229284471669795-0.0022672940529729737j),(0.0011252416949517358-0.0014211465208563135j)
(0.03226062600315065+0.0023183209961443333j),(-0.0017258429510101023-0.00241214972286286j),(0.0010463204910996296-0.001205693880531783j)
(0.034375824562636104+0.005497895191197543j),(-0.0014265071056876926-0.0024916809189000915j),(0.0008561412194362725-0.001037691734178142j)
(0.036171284211189286+0.008066629588970529j),(-0.0011328753371122864-0.002515781754870281j),(0.0005727272223942978-0.0009190805897438535j)
(0.037773854675077975+0.009835591744872724j),(-0.0008498147099759675-0.0024974746893655477j),(0.00021239352751301624-0.0008391580242656756j)
(0.03926962958251553+0.010649988267235068j),(-0.0005798404415428968-0.00245239076275999j),(-0.00021045885660646302-0.0007767345860159523j)
(0.04068266614510262+0.010385006144406515j),(-0.000324452778793669-0.002398280741362066j),(-0.0006817544307093239-0.0007025200915555831j)
(0.04195934907673143+0.008947352382271869j),(-8.599652519593201e-05-0.002354404915839643j),(-0.0011847929777662914-0.0005818162457154265j)
(0.04295938548316124+0.006284996165534956j),(0.00013011077962365227-0.002340540365382636j),(-0.0016965139592375518-0.000377860686653281j)
(0.04345544847985911+0.0024061169358027676j),(0.00031305637231126703-0.0023752761451732783j),(-0.0021837301159202626-5.629818333967964e-05j)
(0.043144607725084404-0.0025937150363929107j),(0.00044466557168061914-0.002473276995432362j),(-0.0026003191636240486+0.0004088068897926993j)
(0.041675391696455656-0.008499663307653104j),(0.0004984581203963069-0.002641331849433031j),(-0.0028866204239175117+0.0010273103005705643j)
(0.03869400250256914-0.014947705089329421j),(0.00044060156724356635-0.0028733127540693606j),(-0.0029724654918079846+0.001784166937012038j)
(0.03391118477876775-0.02140662678548398j),(0.00023373240988864966-0.0031446818833878332j),(-0.0027852102875210536+0.0026308081152437096j)
(0.02718698622912673-0.027184604305269155j),(-0.00015554410531801795-0.003407875540402561j),(-0.0022636127713223757+0.0034791231520984165j)
(0.018623987416472535-0.031473836689676675j),(-0.0007452503572464776-0.0035906453735654047j),(-0.001377206415668605+0.00420141961996866j)
(0.01311953449479885-0.01440514756512919j),(-0.0034339400965687703-0.0024296463713296894j),(0.0001094355299945224-0.0022564356950473814j)
(0.017766385979431195-0.012195860120710455j),(-0.003045020864527116-0.0029318649264407177j),(0.0005480652610141387-0.002133874659136817j)
(0.021851060375652008-0.009197429804148494j),(-0.0026173062170687243-0.0033067598456575707j),(0.0008672028768344745-0.0019247148721746811j)
(0.025280607038595703-0.0057183137078223815j),(-0.002183227396400182-0.003558391411747854j),(0.0010537625785070955-0.0016771648779273047j)
(0.028063552087793646-0.002064702587404378j),(-0.001768360298906876-0.0036970972887672504j),(0.0011100209925347505-0.0014318655868095498j)
(0.030284561955958404+0.001484396762681392j),(-0.001390648471127781-0.0037369811719099367j),(0.0010477928794699455-0.00121781631515266j)
(0.03207443159681872+0.004688894927568623j),(-0.0010604218554568004-0.0036938800673582037j),(0.0008830675466821448-0.0010509311798999786j)
(0.03358006921371336+0.007348803788900698j),(-0.000781003203149891-0.003583984780205507j),(0.000632017607775386-0.0009343863701267881j)
(0.03493717187430825+0.009298778444910852j),(-0.0005497376066173175-0.0034231700284296004j),(0.0003087868869717916-0.0008599425749026577j)
(0.036246691432223054+0.010400267927058218j),(-0.0003593528953531287-0.0032269841901102704j),(-7.489613172840414e-05-0.0008096531321886121j)
(0.03755527150223591+0.010535278068180571j),(-0.00019963613696582166-0.003011149339127314j),(-0.0005084541432061134-0.0007576849375250845j)
(0.03883967561040116+0.009605166598796991j),(-5.946851528644961e-05-0.0027923226827102675j),(-0.0009798540502449474-0.0006723019169730442j)
(0.039995756418407975+0.007537079904230303j),(7.072991719703041e-05-0.002588767531541804j),(-0.0014720772044499078-0.0005183308090465128j)
(0.040833557880293844+0.004299560082281792j),(0.0001961599394672643-0.0024204837873122785j),(-0.001959237938135668-0.000260598550710181j)
(0.041081413305117206-7.265288182035966e-05j),(0.00031458449566762665-0.0023082816560260283j),(-0.0024031449215998844+0.00013114986098308772j)
(0.04040299678957023-0.005446707493512766j),(0.00041349499885791406-0.0022712981203522695j),(-0.002751385411505876+0.000675532303215015j)
(0.03843165831493183-0.011557503080843993j),(0.0004682897293681329-0.00232262464468766j),(-0.002938289839480366+0.001371142570202672j)
(0.034825362593534415-0.01797956151345156j),(0.00044259572493524313-0.0024631137201536683j),(-0.0028902625237861106+0.0021873811358677506j)
(0.02934248778558276-0.024116470919259926j),(0.0002920661393401167-0.002674112113679486j),(-0.002536736601640553+0.0030564007699570178j)
(0.02193317196601797-0.0292216901290229j),(-2.7167623638468374e-05-0.0029108036723711956j),(-0.0018271895591967752+0.0038691664879845888j)
(0.012752013061029502-0.01587387731111644j),(-0.0035639843246813253-0.003989672085632998j),(8.165425087734658e-05-0.002277155506229917j)
(0.017080826605364637-0.013733980572935678j),(-0.002926617683329476-0.004516570709583974j),(0.000495808120869127-0.0021549981437795347j)
(0.020854687993550444-0.01088781973076972j),(-0.002284621228071628-0.004859786641672896j),(0.0008031621051977679-0.0019517107969280328j)
(0.02399589086580371-0.007607255170170252j),(-0.0016835866263341668-0.005038516863363376j),(0.0009909113149065845-0.0017098703113872249j)
(0.026515347672991144-0.004160890232853937j),(-0.0011557759435514537-0.0050781802603876375j),(0.0010600119597634018-0.0014664134815454612j)
(0.028491808128939766-0.0007927076447126024j),(-0.0007204483522834434-0.005005701621205497j),(0.001020327602642966-0.001248761049748848j)
(0.03004683802363164+0.0022880570184335624j),(-0.0003852455859775916-0.004846145723329745j),(0.0008859193565106185-0.0010732253589075189j)
(0.03131951353565633+0.0049077363757314895j),(-0.0001480518876276492-0.0046207913843954035j),(0.0006713407482529269-0.0009450361345735018j)
(0.03244312831534781+0.006922857669138545j),(1.066402014953397e-06-0.004346550139982982j),(0.00038937017667243465-0.0008592800707724114j)
(0.033524801834957776+0.00821209178502801j),(7.802372132985821e-05-0.00403653009353315j),(5.029718622880677e-05-0.0008022041941122219j)
(0.03462799936182548+0.008668957861376763j),(0.00010296532080655016-0.003701487115022881j),(-0.00033731777857878294-0.0007525870415428739j)
(0.03575773516783908+0.008198368685777332j),(9.843465671857739e-05-0.0033518552051210212j),(-0.0007646030667342162-0.0006831637788123529j)
(0.03684861884220153+0.0067195974211454075j),(8.720068305079562e-05-0.0029999757504659383j),(-0.0012193337397592577-0.0005623510501495833j)
(0.03775681957866218+0.004177552757450121j),(8.949274512279868e-05-0.0026620389245511546j),(-0.0016822839723202112-0.0003567146113904249j)
(0.038258279414443014+0.0005632166039177312j),(0.00011951773187499056-0.002359122816167022j),(-0.0021235622131893688-3.471459589197965e-05j)
(0.03805680723771552-0.004057488926761746j),(0.0001814076389997069-0.0021166136915962393j),(-0.0024997951966246237+0.00042780604531072623j)
(0.036806588406106344-0.009509466075589511j),(0.0002651692716736137-0.0019612976493042873j),(-0.002753352490633777+0.0010402220408302692j)
(0.03415354723340345-0.015474988822078912j),(0.00034373757033750557-0.0019156427821999515j),(-0.002815072408522265+0.0017882348446410469j)
(0.029798188990313352-0.021470730295816812j),(0.00037274879500013056-0.001989357852342966j),(-0.0026119836062734455+0.00262480520522784j)
(0.023578364961451374-0.02684816618625072j),(0.00029493070590231923-0.0021692850873257516j),(-0.0020810740585324584+0.0034633450998431594j)
(0.012098828475994403-0.01770588692262022j),(-0.0033654802358824036-0.00552869513885946j),(-1.2387143384238932e-07-0.0022847743107651717j)
(0.016170893479779836-0.015851074084168134j),(-0.0024839929595836803-0.006034294016006573j),(0.00039047793337748215-0.002178891723215278j)
(0.019736004992641682-0.013356250659534472j),(-0.001640546079514039-0.006310264906370251j),(0.0006904868391685169-0.0019925064490936982j)
(0.022715793887016857-0.010450917224983182j),(-0.0008903212692317128-0.006392643499697965j),(0.0008853360835188181-0.001762086371759742j)
(0.025107530136830175-0.007365510414951619j),(-0.00026918197486956545-0.006322453891597212j),(0.0009731009981732042-0.0015210073400519814j)
(0.026969173673653826-0.004312025136066758j),(0.00020454648220370438-0.006139125535575179j),(0.0009607434509845055-0.0012955949247863987j)
(0.028399929446983732-0.001473741664234668j),(0.0005271487140458557-0.005876113261289338j),(0.0008600728568792775-0.001103166385519644j)
(0.02951975242802147+0.0009969333931466563j),(0.0007063658943509322-0.005558660828748776j),(0.0006842775546791176-0.0009516083762836991j)
(0.03044995429917381+0.002974693389293606j),(0.0007586042799836688-0.005203426617742271j),(0.0004455182526982305-0.0008399024019734833j)
(0.03129583673814004+0.004354343634228373j),(0.0007067512532963423-0.004819614075659398j),(0.00015378551832459747-0.0007590778953262076j)
(0.03213140304138926+0.005043420040948834j),(0.0005785447414158517-0.004411253208509794j),(-0.0001829654980888711-0.0006932550571212496j)
(0.03298582548298739+0.004957105606413105j),(0.00040520725197658655-0.003980296533456029j),(-0.0005574953830066571-0.0006206732528806138j)
(0.033831514090860854+0.004017890929760591j),(0.00021990131570388292-0.003530169912803011j),(-0.000960934539949127-0.0005148410914006237j)
(0.034574316346359595+0.002162063209599624j),(5.550855622892041e-05-0.003069323480560647j),(-0.0013796512620906972-0.0003461577535117919j)
(0.03504748302954952-0.0006454925697824012j),(-5.868886956728077e-05-0.002614158614699841j),(-0.001791720280228568-8.450658899056862e-05j)
(0.035012377527222-0.004387751446103144j),(-0.00010159850711302262-0.0021905017105970847j),(-0.002163620046923046+0.0002966373459941632j)
(0.03417016115405222-0.008964590672826211j),(-6.590371696965918e-05-0.0018326408987084661j),(-0.0024481188209769223+0.0008141824081375652j)
(0.032189351306009174-0.01415836253900163j),(3.627682162955201e-05-0.0015789734118451277j),(-0.002584668884229439+0.0014674719086418568j)
(0.028753535649022756-0.01960336454368195j),(0.00016933791245660272-0.001463695985997671j),(-0.0025038759572425604+0.0022291265826480757j)
(0.023630854508544623-0.02477030323240168j),(0.000274095565631567-0.0015048588898057185j),(-0.0021375254896971764+0.0030364354611980005j)
(0.011086669922974393-0.01984446896440012j),(-0.0029160762716288614-0.006952058602256156j),(-0.00013902922893622993-0.0022769137781846736j)
(0.014977752823867173-0.018457681321559567j),(-0.0018087072943868535-0.007402933105953735j),(0.0002299849131021242-0.002201094948437782j)
(0.018442406925099807-0.01647712466609922j),(-0.0007850192896619407-0.007589240255460258j),(0.0005271015165040709-0.0020412514889432617j)
(0.021388069580612765-0.014087370825043567j),(9.347566440845827e-05-0.007563906509400385j),(0.0007343873476499624-0.001827527065353005j)
(0.023785405743749214-0.011482228741655554j),(0.0007897745978007944-0.007382903051201314j),(0.0008458345544898832-0.0015899303759199183j)
(0.025659950373919157-0.00884599955836869j),(0.0012880108636147618-0.00709716610769878j),(0.000864775115616828-0.00135408414610147j)
(0.02707845414541797-0.006341644895320976j),(0.0015889650134126303-0.0067474945559402935j),(0.0008005149584026852-0.0011387439793373946j)
(0.02813305042761998-0.004105962793144784j),(0.0017056713734838998-0.006362182306887765j),(0.0006650665722731009-0.0009548396369959311j)
(0.02892545352228126-0.0022505838667933034j),(0.0016598611990807722-0.005956906785633334j),(0.00047055290577299107-0.0008055696813697265j)
(0.029552345906808938-0.00086688317329355j),(0.001479531380865936-0.00553636196211379j),(0.00022757966100428548-0.0006870537466407019j)
(0.03009221999875101-3.260229730690381e-05j),(0.001197546048393199-0.005097199959168335j),(-5.5321026525383175e-05-0.0005891521452911505j)
(0.03059339491016515+0.00018208951199442407j),(0.0008508826502538465-0.004631938365153845j),(-0.0003711819607026941-0.0004962429100221693j)
(0.03106282899382595-0.0002886681310794385j),(0.0004799270551325799-0.0041335272836960585j),(-0.0007130878952442404-0.0003879603138107278j)
(0.03145573320511398-0.001504748794440314j),(0.00012711382775694224-0.003600201967365744j),(-0.0010717652519011214-0.00024011788948745394j)
(0.03166684727595624-0.003511502305032909j),(-0.00016577260565348896-0.0030400570472660267j),(-0.0014324741086781919-2.623636855686751e-05j)
(0.03152548995317194-0.0063229904182909545j),(-0.00036212282236497976-0.0024744931923205817j),(-0.001771587991289549+0.0002797660216945877j)
(0.030797937417374032-0.009896770777279996j),(-0.0004369083554562501-0.0019393882814760473j),(-0.002053551672575181+0.0006991494868958131j)
(0.029201939524811614-0.014102021911671873j),(-0.0003843252546027491-0.0014826784789743529j),(-0.002229311085790715+0.001241821492711577j)
(0.02643864051896144-0.018685840062061383j),(-0.0002251069832059149-0.0011572017438205113j),(-0.0022377210811216335+0.0018978356465808466j)
(0.022246006540557806-0.02324641976383362j),(-1.095601881294611e-05-0.0010083758530981949j),(-0.0020116690205275005+0.0026279514010663064j)
(0.009624592063521023-0.022202902734738364j),(-0.0023086037681588232-0.008201108688123293j),(-0.00033522239380906043-0.002248639795692548j)
(0.013402384203426288-0.0214325432676758j),(-0.0010026159602878804-0.008578217934769667j),(1.3836207488960943e-05-0.0022141562382114155j)
(0.016858718049094935-0.020095848816297838j),(0.00017584769370298316-0.008666060873637683j),(0.000311468721299048-0.002089120441430492j)
(0.019876762526259934-0.01833169462386677j),(0.0011615615895517702-0.008533165592123675j),(0.0005353053429510486-0.0018972280335598185j)
(0.022391248841954828-0.016299356196946797j),(0.0019180372587395199-0.008248909496477825j),(0.0006744381074597976-0.001665223538021122j)
(0.024387067023158467-0.014159433620441383j),(0.002432605954691325-0.007874295832921253j),(0.0007280440357619513-0.0014182336544812288j)
(0.025891404423153387-0.012059499556036014j),(0.00271048135072084-0.007456362424450197j),(0.0007026989914275053-0.0011766711749518328j)
(0.026962342711440126-0.010125718245063819j),(0.002769250210346382-0.0070257929625534956j),(0.0006093027187196493-0.0009546875246128877j)
(0.02767631711964447-0.008460258151778045j),(0.0026346518573872164-0.006597064007837537j),(0.00046027994358645985-0.0007598268489097518j)
(0.02811596032653696-0.007143395655713565j),(0.002337966352021637-0.006170475604713229j),(0.00026745339357937554-0.000593410410961002j)
(0.02835893264026531-0.006238704283114585j),(0.0019148882546489061-0.005735560752147112j),(4.077707706255364e-05-0.0004512066669498889j)
(0.028467611446582355-0.005799483890782977j),(0.0014054238945947848-0.005275537799619049j),(-0.00021200299316584273-0.00032406672972412636j)
(0.02847912545730541-0.005874450524775674j),(0.0008541046989958495-0.00477257048744011j),(-0.0004847416932780099-0.0001983872063861963j)
(0.028395269170976598-0.006510589453226218j),(0.0003096556452656592-0.004213570233855327j),(-0.0007713371439955557-5.6477905995864074e-05j)
(0.028172380769868794-0.007750987575957617j),(-0.0001767795835539755-0.00359608441991456j),(-0.0010632548740577726+0.00012285767352069137j)
(0.02771232718089153-0.009625553417720405j),(-0.0005556212917808299-0.0029334758014681545j),(-0.0013462853415803764+0.0003630030650505142j)
(0.026857235739108865-0.01213307668495243j),(-0.0007854276067088876-0.002258183188256297j),(-0.0015969411470128049+0.000686791965383895j)
(0.025392295384711598-0.015214431242971794j),(-0.0008417478431292592-0.001621507134703123j),(-0.0017793128610966507+0.0011116783192187294j)
(0.02306231797125412-0.01871921629272793j),(-0.0007269305440435489-0.0010883074280739024j),(-0.001843731438116062+0.0016424233055717535j)
(0.019607994465665548-0.022371875926651113j),(-0.0004783536120365325-0.0007254997988760394j),(-0.0017290876070631448+0.002261608800057721j)
(0.007613985385161201-0.02465816485772827j),(-0.001635984929379198-0.0092489900889801j),(-0.0005852803487861575-0.0021920279387481617j)
(0.011319553072845661-0.024619201407225247j),(-0.000163514415865614-0.00954732245134413j),(-0.0002560081884240225-0.002207383892369617j)
(0.014825852217838048-0.024027325602363037j),(0.001143080289864742-0.00954043863306285j),(4.3637879252820036e-05-0.0021240974822106244j)
(0.01798574730125874-0.02297556604318655j),(0.002216710846398893-0.009310183390115091j),(0.0002863644175802743-0.0019592604192306584j)
(0.02069253150501395-0.021590086039953747j),(0.003022229806830091-0.008937196577781446j),(0.00045594057768121504-0.00173626844669826j)
(0.02288555459594041-0.020010301982751073j),(0.0035501681563008085-0.008490854443732647j),(0.0005470512924439393-0.001479711960068123j)
(0.02454807124713027-0.0183715511042037j),(0.003809563157602663-0.008023354022480396j),(0.0005633137927694788-0.0012116409303686423j)
(0.025700079078087634-0.016792713279972993j),(0.0038215081044747027-0.007567344623490358j),(0.0005144193506746138-0.0009494106433940192j)
(0.026388801401514856-0.015369606442216835j),(0.0036143776633067153-0.0071362770890882185j),(0.00041315663393997465-0.0007048883066232523j)
(0.026678763252268003-0.014173833489906189j),(0.0032210749697785365-0.006726699529915623j),(0.000272809611001725-0.0004845800851038989j)
(0.026642466400945072-0.013256056392726716j),(0.0026781609208267505-0.006321939122332854j),(0.00010519966415405827-0.0002901859361706637j)
(0.026351764185633206-0.012652274099702258j),(0.0020263592991114636-0.005896846903544076j),(-8.049515726536591e-05-0.00011915640170244456j)
(0.025869366421499094-0.012391408749807315j),(0.0013116603299118692-0.0054234448433467175j),(-0.0002780580480998477+3.502766672866699e-05j)
(0.025239614877860524-0.012502219444343004j),(0.000586056261385969-0.004877328699659644j),(-0.00048359067607152157+0.0001829264377654512j)
(0.02447788330698513-0.013017219335825007j),(-9.314765611411055e-05-0.004244504770279011j),(-0.0006937949344910382+0.00033938498718297846j)
(0.023558771531270846-0.013970963910372792j),(-0.0006664384029954993-0.003527973037275314j),(-0.0009031141174763091+0.000523486773249218j)
(0.022404715251536252-0.015390063364296764j),(-0.0010782987670091828-0.0027528708283238684j),(-0.0010998615607094968+0.0007574786913796159j)
(0.02087860684140953-0.017272957983760943j),(-0.0012865433197996195-0.001968495929153844j),(-0.0012618619202160247+0.0010637519170803426j)
(0.018786135596532843-0.01955936284015641j),(-0.0012737875931114317-0.0012452619280663197j),(-0.0013527389621173125+0.0014590258267188011j)
(0.015895053934036726-0.022092713586683466j),(-0.0010587074413586097-0.0006649002317719127j),(-0.001320708542017416+0.0019453690241680334j)
(0.0049632418575617015-0.02704531143463688j),(-0.0009807719246542885-0.010093208016826477j),(-0.0008815740195171711-0.0020963097848736567j)
(0.00859765924307618-0.027820307081131476j),(0.0006242127103359041-0.010319852637121386j),(-0.0005741585149935911-0.0021670288477218234j)
(0.01216589092956253-0.02804903951642513j),(0.0020329799629909794-0.01023241185408181j),(-0.00027353814205757093-0.0021310620946766957j)
(0.015488733822947421-0.02777837521910376j),(0.0031777126536813474-0.009923097073063469j),(-1.1816536075621824e-05-0.00199864975658173j)
(0.01841636344296804-0.027101348535107858j),(0.004024712363162087-0.009481293722601153j),(0.0001894296740892588-0.001789522522626556j)
(0.020840859462819845-0.026136522410336767j),(0.0045671016760210825-0.008982926252205084j),(0.00032024437177332357-0.0015274196293614366j)
(0.022699671903040085-0.025007725581422186j),(0.004816701689636978-0.008484319440272123j),(0.0003810539560654687-0.0012357586431900715j)
(0.023972627099963516-0.02382768016373743j),(0.0047968512046767334-0.008019833421462102j),(0.0003800841725765644-0.000934890586011991j)
(0.024675357422272583-0.02268730432500324j),(0.004537193584019595-0.0076023188096253965j),(0.0003302675703603147-0.000640854994688252j)
(0.024851520817355605-0.02165112811645313j),(0.004070805408847656-0.007225528785953137j),(0.00024622477203984174-0.0003652374121388461j)
(0.024565232863454734-0.020758366976321208j),(0.003433528955327946-0.006867885462419097j),(0.00014166706180896493-0.00011560243598930105j)
(0.023894078467058363-0.020028647790977214j),(0.0026649881302569234-0.006497291519814813j),(2.7415847057547945e-05+0.00010401592996020932j)
(0.02292214185342199-0.019470986666630375j),(0.001810480971510213-0.006076895592059128j),(-8.981451786157038e-05+0.0002929760716375898j)
(0.02173188355526058-0.01909419207850605j),(0.0009227262661951703-0.00557178043933101j),(-0.00020769031639787119+0.0004544625519756466j)
(0.020393578059550093-0.01891630851433176j),(6.23054948076087e-05-0.0049563956230397575j),(-0.00032734406660325484+0.0005964455650413412j)
(0.018951577537803844-0.01897006420867302j),(-0.0007043619897415345-0.004222187652413655j),(-0.00045101228458696433+0.0007327817495355296j)
(0.017408019876514483-0.019300774063796308j),(-0.001310446507286393-0.0033843320510246484j),(-0.0005780956722921866+0.0008836921535235816j)
(0.01570675982838992-0.01995321561185707j),(-0.0016979039933544392-0.002485864380276725j),(-0.000699881751637096+0.0010745140978242022j)
(0.013723009261671474-0.020945240810034505j),(-0.0018298090005468936-0.0015970601847133986j),(-0.0007938315884409371+0.0013314811777056085j)
(0.011266741410626908-0.02222890853717384j),(-0.0017037955104627026-0.0008079389109833057j),(-0.0008192363037260472+0.0016735634430716094j)
(0.0016073658732660711-0.029154809845117424j),(-0.00040920415054551565-0.01074745752282724j),(-0.0012116096705020126-0.0019487317261266944j)
(0.00512419868042127-0.03079266360005818j),(0.0012944125350584077-0.010918683937842951j),(-0.0009307055446666206-0.0020770747640753004j)
(0.008712975321336205-0.03189263280523653j),(0.0027808410826797216-0.010772588574739375j),(-0.0006330344705776177-0.002092390443989962j)
(0.012164937293568157-0.03245465785337698j),(0.003982125078314103-0.010408429798040695j),(-0.0003548002630898542-0.00199773965626593j)
(0.015289229735820272-0.03253694462167404j),(0.004865602471053873-0.009921623791354523j),(-0.00012253782691157901-0.001808652088886615j)
(0.01793200484887616-0.03223512058890473j),(0.005425949636960044-0.009392753327762488j),(4.921576307169922e-05-0.0015474339070077252j)
(0.019985422256619645-0.03165957939610089j),(0.005676437508892028-0.008881261980835031j),(0.00015748649014646107-0.001238353144525735j)
(0.021388880484629596-0.030915540686736274j),(0.005641254729260531-0.008423036484627073j),(0.00020864324479625564-0.0009043568206651543j)
(0.022125495615063318-0.030088527091781014j),(0.005349980066478635-0.008030845877114784j),(0.0002152843172099188-0.0005653773620624321j)
(0.02221653550346993-0.029236439751564355j),(0.004834611852522229-0.007696714467818686j),(0.00019289162195536616-0.00023789051150140822j)
(0.02171560899303512-0.02838834271901299j),(0.004129037923515104-0.007395598371083575j),(0.00015667435600942066+6.481638857268383e-05j)
(0.02070324441079925-0.02754936918977157j),(0.0032704410183444547-0.007090070166339081j),(0.0001188611112653396+0.0003322561205098521j)
(0.01928134779686322-0.02671064408730364j),(0.002301840105046843-0.006735979205071979j),(8.664808534251939e-05+0.0005567543351240911j)
(0.017566141418655142-0.025862561142467894j),(0.0012747334134989166-0.0062891604877557865j),(6.106112297334115e-05+0.0007342132088237736j)
(0.01567777165634971-0.02500900596097239j),(0.0002506335078810063-0.005713154341598416j),(3.70918402510223e-05+0.0008657019076169959j)
(0.0137250776862129-0.024179171594410014j),(-0.0006997830094305536-0.00498754699294093j),(5.538503300089837e-06+0.0009595688347689706j)
(0.01178524807945536-0.02343267523704954j),(-0.0015010504521115252-0.004115973634791585j),(-4.309230759253955e-05+0.001033302993894216j)
(0.009880373344441258-0.022853213994584034j),(-0.002081480876130366-0.003132142540593538j),(-0.00011260899082852512+0.001113895398073691j)
(0.007956074097000474-0.02252668482388257j),(-0.0023856724716412423-0.0021016447230995097j),(-0.0001937679074368057+0.0012351309347288799j)
(0.005870831319714096-0.02250231793735454j),(-0.0023893266762728795-0.0011171184118087462j),(-0.0002572477288542332+0.0014303329698063005j)
(-0.002468092647207325-0.030735790660061497j),(3.0930885805320516e-05-0.011234430783888425j),(-0.0015574294038504266-0.0017361895719123607j)
(0.0008361141549203381-0.03324704369177673j),(0.0018004259116623672-0.011372270481459822j),(-0.0013101338011997663-0.0019207663331211368j)
(0.004349406357136474-0.03523911137672789j),(0.003341404455574042-0.011194172955244056j),(-0.0010222412479334929-0.0019892571347843364j)
(0.007840082867309823-0.03666403824841247j),(0.0045860583474482365-0.010803017096254927j),(-0.000732774145352379-0.0019372167372521652j)
(0.011082050592892283-0.03754210413251496j),(0.005502076970021832-0.010297472232602028j),(-0.0004724135220297632-0.001775286623261807j)
(0.013879974431111598-0.037941766975481905j),(0.006084434792197598-0.009760852042763675j),(-0.0002599682996500396-0.001523535136266872j)
(0.016083695548543588-0.03795559572659717j),(0.006346374759095129-0.009254677729189524j),(-0.00010194733234537232-0.001206333527099616j)
(0.0175938350746637-0.03767758627497984j),(0.006311485446394351-0.008816135176381029j),(5.69089620541978e-06-0.0008486277770632844j)
(0.01836157037701062-0.037185410014292125j),(0.0060079957110384195-0.008458367784320513j),(7.452567994780499e-05-0.0004738137621602229j)
(0.01838549955934074-0.03652950059933541j),(0.00546573473672423-0.008172657612220325j),(0.00012011913840466869-0.0001029569114010117j)
(0.01770768045430085-0.035729657808474403j),(0.004715681771409866-0.007931854187046092j),(0.00015840953139921877+0.0002451742190835246j)
(0.016409709614855564-0.03477900271401352j),(0.0037916426015614543-0.007694769895994819j),(0.00020237833894982867+0.0005538966101349846j)
(0.014608405086195984-0.03365446812728689j),(0.002733292611182398-0.007411557950536766j),(0.00025926487625643025+0.0008088301017934439j)
(0.01244954478843964-0.03233231624185171j),(0.001589577813182101-0.007030234967869247j),(0.00032866398712326223+0.0009989985771412324j)
(0.010097458728979528-0.03080625421216723j),(0.00042125670734244314-0.006504440855877606j),(0.0004019726306024286+0.0011189921354509851j)
(0.00771836823578731-0.02910452323552631j),(-0.0006987615095874304-0.005802207870108013j),(0.00046376198092847856+0.0011719521971861688j)
(0.005456498503229232-0.027301051655991j),(-0.0016885773283689316-0.004914946929661702j),(0.0004956177502169661+0.0011726027832366117j)
(0.0034043572562773325-0.025514861812008335j),(-0.002464893296609756-0.0038651327248876307j),(0.0004826690375287994+0.0011489642832904839j)
(0.0015721011853150775-0.023892163445738558j),(-0.002955164648906259-0.0027104611077960463j),(0.00042229567652646315+0.0011409233512139237j)
(-0.00013495858662046652-0.022567869669750787j),(-0.0031131214603245614-0.0015418586779736032j),(0.0003333441620985364+0.0011937765016539772j)
(-0.007200814029051924-0.03150858327040279j),(0.00030950332008009387-0.011580482709228748j),(-0.0018953047825355227-0.0014476235979945878j)
(-0.004246888184616132-0.034857425105540414j),(0.0021138054433435965-0.011709220368404497j),(-0.0016904877413194293-0.00168294205820873j)
(-0.0009546197398503935-0.03772357333517977j),(0.0036871688546849337-0.011527475805381162j),(-0.0014217428824586512-0.001803768814475576j)
(0.0024316888031501445-0.04001073066350228j),(0.0049621760868282265-0.011138462132470653j),(-0.0011291134396119217-0.001797969274937882j)
(0.0056601033700331965-0.04169754227144615j),(0.005906173288497509-0.01064138227660921j),(-0.0008461819445442491-0.0016705803735396047j)
(0.008501446785739858-0.042819641875006684j),(0.0065131845270687255-0.01012033275851768j),(-0.0005954205572021794-0.0014384882946736847j)
(0.010768896138509674-0.043445525209007844j),(0.006794966029288967-0.009637779409947304j),(-0.0003868591414966035-0.0011252287215562308j)
(0.012328102739543023-0.04365230704207592j),(0.00677309407178815-0.00923182579297177j),(-0.00021925291733056933-0.0007569498185879078j)
(0.013100584134619599-0.043505656367095136j),(0.0064732347117866275-0.008916239748161131j),(-8.285446588086751e-05-0.0003598975374361157j)
(0.013063326105477256-0.043046505678824926j),(0.005922087292940438-0.008682303661792972j),(3.696480076228971e-05+4.073763562887953e-05j)
(0.012246833433217771-0.042285780651821744j),(0.0051469830574983454-0.008501857903463955j),(0.00015579451296615009+0.0004211049071638215j)
(0.010732655783453861-0.041207407585575694j),(0.004177740585722211-0.008331275338836283j),(0.0002863611795678567+0.0007587590448268757j)
(0.008650025718745935-0.03977906071790916j),(0.003050083437442922-0.008116424100819102j),(0.00043514673859637614+0.0010331671674144371j)
(0.0061699850994573185-0.03796927099808395j),(0.0018096664013111613-0.007798856439720901j),(0.000599866217045202+0.0012271844616202733j)
(0.003494553047740902-0.035768427374117485j),(0.000515519186016504-0.007323434519946941j),(0.0007683673562931316+0.001329747084121048j)
(0.0008384400606325509-0.03320979529904641j),(-0.0007584664904337882-0.006647323708014831j),(0.0009196486652304387+0.0013395887335535851j)
(-0.0015981180066969027-0.03038512790636635j),(-0.0019254183848497978-0.005749742317238153j),(0.001027679454772315+0.0012691945241618853j)
(-0.0036643918861326594-0.02744823992853332j),(-0.002891901218227961-0.004641111082403984j),(0.0010683873256720048+0.0011475377905644309j)
(-0.005297248429970036-0.024599861789229863j),(-0.003569360626557915-0.003369450487748139j),(0.0010294164677413411+0.0010195827844404163j)
(-0.006552873863607083-0.02204920031436768j),(-0.0038898779757653512-0.0020213031207944624j),(0.0009210130566656412+0.0009403809940984138j)
(-0.012427147911585834-0.031189623887313344j),(0.0004110753445104087-0.01181228531082916j),(-0.0021960792970088863-0.0010770455379384368j)
(-0.009989969334733258-0.03528413775563557j),(0.0022212865320051043-0.011955221628934703j),(-0.002043172874012158-0.0013531290006473624j)
(-0.007101262135693505-0.038955326227538535j),(0.003805390175948382-0.011796957719438405j),(-0.0018046668079572962-0.001521961313552007j)
(-0.004004518944317357-0.04205974053918245j),(0.005096774612545851-0.011438143736445408j),(-0.001519413694322996-0.0015638648603194137j)
(-0.0009647638838039048-0.04453129437598461j),(0.0060619785193179445-0.010975989208619537j),(-0.0012222370770868635-0.0014776950209356233j)
(0.0017659051683371466-0.046366892440078675j),(0.006693053881364454-0.010493440972749601j),(-0.0009383186169968448-0.0012761954755357216j)
(0.003972608508901161-0.04760386121081233j),(0.006999002776282002-0.010052646631258846j),(-0.0006809640130656356-0.0009810032760566624j)
(0.005492331418380786-0.048295635390898956j),(0.006998127502031088-0.00969200409992639j),(-0.0004520929641731111-0.0006184843315170203j)
(0.006221203474935158-0.048490589188619905j),(0.0067124443446616045-0.009425832191663047j),(-0.00024462597869606543-0.00021690396502776143j)
(0.006117150131060161-0.04821723333352387j),(0.006164694873602016-0.009245777975899275j),(-4.601057359172352e-05+0.00019511516454332365j)
(0.005200137346118014-0.04747757225701385j),(0.005378003393516763-0.009123364319039946j),(0.00015771003771348287+0.0005892739981842856j)
(0.0035510960903801145-0.046249294171390086j),(0.004377863376145034-0.009013444618414539j),(0.0003777488244229011+0.0009380474230083764j)
(0.001309217209183596-0.04449651670720953j),(0.0031958427701359237-0.008858661877672019j),(0.0006187724239554075+0.0012155783474454322j)
(-0.0013340161378673156-0.042187808992010946j),(0.0018741299799839687-0.008595217143477985j),(0.0008759438918578412+0.0013995774120857652j)
(-0.00414659661465571-0.03931895539446648j),(0.0004697773665980042-0.008160265417390932j),(0.0011334612009481224+0.0014745107661463298j)
(-0.006876212816871502-0.035936348580652j),(-0.0009427371475670416-0.007501020584802987j),(0.0013653792775644286+0.0014358979229384065j)
(-0.009280514665593292-0.03215517466300544j),(-0.0022721338336444607-0.006585140628831599j),(0.0015394891896636106+0.0012949129094683982j)
(-0.011166503495355582-0.028165181302804706j),(-0.003415518419406792-0.0054112138848001305j),(0.001624696312244255+0.0010817650762523585j)
(-0.012434154380111617-0.024216639621273083j),(-0.004268973519518978-0.004017302086731609j),(0.0016015424843847299+0.0008457200394857566j)
(-0.013114480642014188-0.02058117846783819j),(-0.004743315611408949-0.002484763090230594j),(0.0014742080615351935+0.000649421999677254j)
(-0.01786537797845067-0.029530442758230135j),(0.0003303481420712345-0.011954976307211403j),(-0.00242658220803886-0.000626902238393635j)
(-0.016118227092007324-0.03421405339973205j),(0.00212052331690264-0.012131827156298255j),(-0.0023338658650237545-0.0009291825523844212j)
(-0.01383184754286542-0.038557970261001676j),(0.003694239892730155-0.012020342540889961j),(-0.0021370950506163014-0.001137521636112812j)
(-0.011233514465651968-0.04237573584222639j),(0.004986404815216687-0.011716360749858365j),(-0.0018714754264556744-0.0012253760600283924j)
(-0.00858581375930726-0.04555558152090628j),(0.005962694277493219-0.011312932409635405j),(-0.0015710592748125914-0.0011851821120131146j)
(-0.006149718984103581-0.048051066877050574j),(0.006612583911535113-0.010890019468745385j),(-0.0012624192661013812-0.0010247258592256754j)
(-0.00415646700405501-0.04986179513378137j),(0.006941417829293344-0.010508068243653494j),(-0.0009615831420001222-0.0007626610071416151j)
(-0.0027886596176955893-0.05101072551250803j),(0.006963249832020579-0.01020486321364022j),(-0.0006737898176949885-0.0004244388857298994j)
(-0.0021690152642949373-0.05152335406116087j),(0.006695579890286515-0.00999480167787855j),(-0.00039535841322087533-3.9280401987533935e-05j)
(-0.0023544648070961413-0.0514124938685726j),(0.006156550970866527-0.0098697891587173j),(-0.00011694772812282945+0.0003617370267567144j)
(-0.003333582366939701-0.0506709432584849j),(0.005364723649227648-0.009801219056641247j),(0.0001724159739800209+0.0007468122299537186j)
(-0.005026326858588523-0.04927310169176133j),(0.004341200325170174-0.009742848671281473j),(0.00048106737911029134+0.001084347387525027j)
(-0.0072863857921171196-0.04718549010776941j),(0.0031135834848209066-0.00963471482984538j),(0.0008106900519888897+0.0013443174890657432j)
(-0.009907702856640067-0.04438496586587998j),(0.0017209750972134656-0.009408459326874508j),(0.0011531447358802485+0.0015006346381654734j)
(-0.012637661600683766-0.040882013716528526j),(0.000218931338696126-0.00899448177670299j),(0.0014888626697241612+0.0015347828551870262j)
(-0.015199489159751537-0.036744792766749315j),(-0.0013170027270984585-0.008331141638161553j),(0.0017876505888445961+0.001440529485695205j)
(-0.01732534094241819-0.032117814925791036j),(-0.0027907628906535596-0.00737575212228409j),(0.0020127165899346063+0.0012288752284038446j)
(-0.018798942874105908-0.02722773674290718j),(-0.00408981647177727-0.0061163563572036676j),(0.002128363382542793+0.0009316742344594904j)
(-0.019502614224732564-0.022368612163210837j),(-0.005094971303815868-0.0045823472393770725j),(0.002110963045435314+0.0006017360826796581j)
(-0.01945853160470663-0.01786113279529725j),(-0.005696169140169976-0.0028511056098610614j),(0.00196148474274918+0.0003070349569719855j)
(-0.023114920146895795-0.026369548191422544j),(6.653025951114169e-05-0.012030826839609071j),(-0.002552504207227194-0.0001112591140607353j)
(-0.022208290073786035-0.031417878982250215j),(0.0018149207958199597-0.012256153150902255j),(-0.0025250119161766343-0.0004210079932990365j)
(-0.020710089670608094-0.03623087999110353j),(0.0033583335878892-0.012208935315080867j),(-0.0023800741874181273-0.0006558432211603011j)
(-0.018815586621208483-0.04058743238050652j),(0.004634188868934711-0.011978855396597234j),(-0.0021467993157692844-0.0007837404418383057j)
(-0.016767718469879442-0.04433291951347331j),(0.005607730381623784-0.011653208876334786j),(-0.0018562393082517394-0.0007910254211166543j)
(-0.014819768254281038-0.0473759935681383j),(0.006265801203283848-0.011307378049603505j),(-0.0015347056556531684-0.0006800453105249815j)
(-0.013204755589624405-0.049674204861985774j),(0.006609700537978013-0.010998683533902915j),(-0.0012000353228723486-0.00046550450065630585j)
(-0.012112996393098638-0.0512146960770164j),(0.006648698360057505-0.010763129605283799j),(-0.0008606207459783227-0.00017073919573708417j)
(-0.011677146301623722-0.05199533457244424j),(0.006395268226242046-0.010614308754691026j),(-0.0005166611978756831+0.00017535003505617417j)
(-0.011963078621976257-0.05201034417425715j),(0.005862613717573652-0.010543776250664848j),(-0.0001629889599216183+0.0005405179428202974j)
(-0.012964997697791615-0.051243114769364224j),(0.005064665175351673-0.010522444215029285j),(0.00020714897757698577+0.0008907706024123939j)
(-0.014603959509469185-0.04966757613473029j),(0.0040184043305019545-0.010502872998939107j),(0.0005979239104581108+0.0011918226512218682j)
(-0.016730118548149334-0.04725828789300034j),(0.002748094542909068-0.010422662177841935j),(0.0010069458086511627+0.0014109953636312184j)
(-0.01913017681119697-0.044008081206553265j),(0.0012907066828345775-0.010209380917994228j),(0.0014221228169333114+0.0015200538616438489j)
(-0.021542287336391422-0.03995055475203679j),(-0.0002984923580707648-0.009787549984110898j),(0.0018201381263240183+0.0014992111252890438j)
(-0.023680650458740588-0.03518296304898717j),(-0.0019415655947048632-0.009088022961204914j),(0.002167412208704233+0.0013420599136643504j)
(-0.025270845996279143-0.0298832553744739j),(-0.003536415445236213-0.008059656852226463j),(0.0024243388129635383+0.0010605581493690296j)
(-0.02609430895763665-0.024313752829876422j),(-0.004959948711043117-0.006682399597371391j),(0.002553177351195148+0.00068848664997703j)
(-0.026036337118990824-0.018804022615118196j),(-0.006077395397572594-0.00497992406425139j),(0.0025291218683125114+0.00028122428745055257j)
(-0.025127225902543047-0.01370792384590128j),(-0.006758438119178213-0.0030288988631596995j),(0.002352725924390185-9.043523338851851e-05j)
(-0.027680323556098604-0.021691466820358007j),(-0.0003827076186284827-0.012057160020773441j),(-0.0025429479383997406+0.00044196099472292656j)
(-0.02770709931484591-0.026819529613346278j),(0.0013079518956121841-0.01234022907408039j),(-0.002580248595552946+0.00014639466688169548j)
(-0.027134034840183754-0.03182804567399791j),(0.0028038072639438804-0.012367972450085496j),(-0.0024936671371984485-9.770229978209668e-05j)
(-0.026110427738179565-0.036474617911561286j),(0.0040458768426462855-0.012223687749479859j),(-0.0023041049219944365-0.00025501863204469423j)
(-0.024842446561249162-0.040569834382625757j),(0.004999819898905146-0.011988114293092331j),(-0.0020373909619256433-0.00030679982959051685j)
(-0.02355786627338772-0.043980677249833434j),(0.005650371953644567-0.011730902199701599j),(-0.001717695366344002-0.0002500008952405804j)
(-0.02247485275585987-0.04662233428540646j),(0.005995020445757987-0.011504939315895548j),(-0.0013633936045927566-9.470179775030672e-05j)
(-0.021777234733219682-0.048443878844467214j),(0.0060382999180345264-0.011343136800761293j),(-0.0009854634395368884+0.00013901829977090615j)
(-0.021596576561971583-0.049412948783568625j),(0.005787666005056716-0.011257063803103732j),(-0.0005880741370188351+0.0004239919305985327j)
(-0.02200023546765944-0.04950356546971935j),(0.005251503952440297-0.01123686767975035j),(-0.00017083759962827972+0.0007283713171750933j)
(-0.02298439071626646-0.048689995107918646j),(0.004439485646092765-0.011252136868399619j),(0.00026786071580862345+0.0010176381594569866j)
(-0.0244715404214963-0.04694826419332804j),(0.003365201985903394-0.011253671779124898j),(0.0007270412386341155+0.001256582535662726j)
(-0.026312859728808414-0.04426562168572134j),(0.0020507266352058906-0.011176442259061798j),(0.0011994416723505837+0.0014117232766076562j)
(-0.028296742626315152-0.04065681608192536j),(0.000532467660679469-0.01094424921130034j),(0.001668661306269314+0.0014545719224219036j)
(-0.030165419093195853-0.036184450861836866j),(-0.0011326922429532715-0.010476692927169993j),(0.0021079403391218473+0.0013658831532294153j)
(-0.0316413480838985-0.030978932806791464j),(-0.00286236555942327-0.009698900981350258j),(0.002481420791710851+0.00114058622859403j)
(-0.03246377440704662-0.025251883135186982j),(-0.004546508738270437-0.00855401409074019j),(0.0027486015030368212+0.0007924918412167779j)
(-0.03243319757358707-0.019295867730944022j),(-0.006050118213891242-0.007017636854439649j),(0.002872247375296747+0.0003572245976840037j)
(-0.031457658990163284-0.013463707994080733j),(-0.007222567615459691-0.005112379724471277j),(0.00282913629543919-0.00010865055094815034j)
(-0.02959037900801023-0.008123354372502634j),(-0.007914609478326761-0.0029194260589628165j),(0.0026217324037157617-0.0005343521968054999j)
(-0.031027288335020078-0.015681339936129596j),(-0.0010265866338522596-0.012042244987859338j),(-0.002376507676618765+0.0009906534228926707j)
(-0.03198765006317383-0.020565673081009844j),(0.0005977166976346424-0.012388635305982203j),(-0.002470761890235524+0.0007316010996136356j)
(-0.03238908277451295-0.025442469665412647j),(0.002033397291932852-0.012495676363689246j),(-0.002443202019836936+0.0004984891629832859j)
(-0.03232549266156716-0.030066458725063045j),(0.0032258714427851735-0.012441263825058781j),(-0.0023051532270737113+0.0003269434502883733j)
(-0.03195173679483271-0.034227516738910654j),(0.004142241670056966-0.012299768144718958j),(-0.0020753180313332884+0.00023895148548065058j)
(-0.03145308793869027-0.03776035096577575j),(0.004766139392456114-0.012134629025192955j),(-0.001773813953795272+0.00024221070710331256j)
(-0.031015758157224172-0.0405431030919067j),(0.0050921058889094335-0.011993342369167919j),(-0.0014180035587006258+0.0003314644554353605j)
(-0.03080171128799736-0.04248919672143159j),(0.0051206708862771184-0.011904475558427045j),(-0.001020449481227352+0.0004908022346660921j)
(-0.030929060417635986-0.043536931355149064j),(0.004854952954687787-0.011876203024261955j),(-0.0005888737926489124+0.0006961984257810433j)
(-0.03145815612694059-0.04364072920958228j),(0.004299281735269175-0.01189592225278388j),(-0.00012774141829147682+0.0009179378114932665j)
(-0.03238306305745434-0.04276693248660569j),(0.003460059759571949-0.011930726990042754j),(0.0003590398647989755+0.0011229182900471943j)
(-0.033628344627725314-0.0408958423879128j),(0.002348829012466997-0.011928808619664267j),(0.0008648775456120603+0.0012770633255036593j)
(-0.03505166325959083-0.03803036201298564j),(0.000987246306886622-0.011822156831876839j),(0.0013773479861099148+0.0013481789027731633j)
(-0.03645332521221556-0.03421014522432684j),(-0.0005866411890769786-0.011531162330927781j),(0.0018758614936502695+0.0013095271259707458j)
(-0.03759418782819488-0.02952855761993357j),(-0.0023118189705972165-0.010971805834919078j),(0.0023309253295879526+0.0011441477324527147j)
(-0.03822293342137347-0.024148118439338714j),(-0.004098877827850149-0.010065960784992655j),(0.0027057835727516814+0.0008495465165518736j)
(-0.038112291461348785-0.018308693904086216j),(-0.005827624997733636-0.00875485952376015j),(0.0029610212045907123+0.0004418335587740144j)
(-0.03710122863965929-0.01232206559488619j),(-0.007349894071947476-0.007014926785689086j),(0.0030622293901390782-4.215090514049014e-05j)
(-0.035136632213847635-0.006547310747398843j),(-0.008499597104096954-0.004874004393463469j),(0.00298996596868039-0.0005465374450142285j)
(-0.03230430467255916-0.0013444449278568111j),(-0.009111304331776423-0.0024246488723498076j),(0.002750049467522113-0.0010036480619010865j)
(-0.03267257053305092-0.008757530884771464j),(-0.0018841171253574914-0.011978325443082374j),(-0.0020481895012328163+0.0014811467849949497j)
(-0.03444648439338746-0.013075998498038756j),(-0.00032684508979909007-0.012393327981060905j),(-0.0021830297572616804+0.0012783407639706378j)
(-0.03575006358327822-0.017475269416384095j),(0.0010425728408015584-0.012579816975920066j),(-0.002207349028632594+0.001077136117963771j)
(-0.036619847075022-0.021729340107352658j),(0.0021739449685327828-0.012612363120213204j),(-0.00212268086729469+0.0009099381186669617j)
(-0.037150459626086985-0.025627201728477527j),(0.003036614958561796-0.012560223246905061j),(-0.0019393972970650154+0.0007993434464714686j)
(-0.03747134860232573-0.02898733326802859j),(0.0036143264814045522-0.012481026289540913j),(-0.0016719102690067398+0.0007561813663342113j)
(-0.03772165330602179-0.03166275971485622j),(0.003900051368016449-0.012416532837456353j),(-0.0013349086044132628+0.0007795759271622908j)
(-0.03802686636826268-0.0335395243544814j),(0.003891729055043487-0.012390069644809513j),(-0.0009411583455709914+0.0008582671038662043j)
(-0.038479393808439684-0.034532067980382865j),(0.0035895861092325445-0.012405186334330213j),(-0.000500956476353144+0.0009725709249606948j)
(-0.039124006223176785-0.03457883440134159j),(0.0029954448229643047-0.012445196003352607j),(-2.3028243518189307e-05+0.0010966128691048717j)
(-0.039948624595697764-0.033640717186633834j),(0.002114200707703265-0.01247349295988932j),(0.00048352892583382085+0.001200732012951774j)
(-0.04088083300825526-0.03170393359380836j),(0.0009574282971259026-0.01243483161037157j),(0.0010067721126342671+0.0012541519636499066j)
(-0.04179075861311559-0.02878767193048292j),(-0.00045117793142550295-0.012258038614478186j),(0.0015295190882391617+0.0012280997764621234j)
(-0.042501226970747596-0.02495546521146095j),(-0.0020691473879190857-0.011860845675842738j),(0.0020277192109677358+0.0010994956964411056j)
(-0.042806068890465086-0.02032776280355167j),(-0.0038284044367174206-0.011157589860722555j),(0.0024703128216905118+0.0008551222056457464j)
(-0.042496811958097104-0.015091754240905428j),(-0.005629806469517269-0.010070337965032825j),(0.002821244587545141+0.000495823736227021j)
(-0.041396505741480044-0.00950344724377622j),(-0.0073410738974463334-0.008543460133570286j),(0.0030440559204309874+3.98438437676081e-05j)
(-0.03939706381671544-0.0038767902113491554j),(-0.008800442644572793-0.006560750354374927j),(0.0031089752764588132-0.0004760089519871642j)
(-0.036493544938879754+0.0014441491672504564j),(-0.009828252510021089-0.004162899568940607j),(0.0030016161886631345-0.0009988746959969795j)
(-0.032805980789752574+0.006130742811305169j),(-0.010247864672509703-0.0014616524833978232j),(0.002731354320806987-0.0014672842398701323j)
(-0.032299857994055305-0.0015609432413729357j),(-0.0029821190281951516-0.011831983669975635j),(-0.0015758164027895555+0.001854553312161257j)
(-0.03463743900350469-0.005048962478365269j),(-0.0014859128922576326-0.012325369406321124j),(-0.0017266794534852557+0.0017210545106290723j)
(-0.03662990700333891-0.008660757467600333j),(-0.00018144946076971012-0.012591192294916969j),(-0.0017869117315670764+0.001569891013932915j)
(-0.03826441288880553-0.012212610187079828j),(0.0008840941874530017-0.012703448688295756j),(-0.0017495372355263144+0.0014265818983088287j)
(-0.03957520363829629-0.015516355367275901j),(0.0016823366751527796-0.012728472908153033j),(-0.0016164861429424696+0.0013111585768382705j)
(-0.040629573559099116-0.018396055555622102j),(0.002198137052144289-0.012719449401041206j),(-0.001395427491168362+0.0012353234507063325j)
(-0.04150957708421058-0.02069801624543347j),(0.002424499666081422-0.012712915461116841j),(-0.0010968740037719284+0.0012013993029248635j)
(-0.04229307463672182-0.022295334186809478j),(0.0023587240227147654-0.012726746182822869j),(-0.0007321881920961228+0.0012026359577481777j)
(-0.043036685189719696-0.023089147331112815j),(0.00200031730107858-0.012759160901571245j),(-0.00031274905685371496+0.0012244336939972716j)
(-0.043762335488550394-0.023008976509727126j),(0.0013509619892144028-0.012788471606940957j),(0.00014975992394316342+0.0012461635089291954j)
(-0.04444851300573221-0.022014194598899695j),(0.00041663733479865785-0.012773559896748053j),(0.0006422006942200273+0.0012434268730313872j)
(-0.045027060316078386-0.020097897678610473j),(-0.0007882043694760145-0.012655369236798875j),(0.001148384927025749+0.0011907318714633622j)
(-0.04538627338643334-0.01729341631203292j),(-0.0022347539012995093-0.01235997796413324j),(0.0016475622842845+0.0010646173574779955j)
(-0.045380979215331047-0.013682501653201187j),(-0.003872941123695592-0.01180400853408915j),(0.0021135942053715088+0.0008471997770347568j)
(-0.0448499237359252-0.009402976679712027j),(-0.005624646957451735-0.010903146391626754j),(0.002515424676114771+0.0005299377933971798j)
(-0.04363997019570148-0.00465255265046251j),(-0.007378692625910976-0.00958429030862922j),(0.0028193608060658416+0.00011712553611282703j)
(-0.04163515471585443+0.00031512237455723823j),(-0.0089897674491853-0.00780124147061684j),(0.002993408220417505-0.00037170552709502285j)
(-0.038786621698310285+0.005205884065598353j),(-0.010283744202299102-0.005552807918528987j),(0.0030134192276493423-0.0009015636839750973j)
(-0.035137213208742205+0.009714102886904063j),(-0.01107164133841692-0.002900798197433197j),(0.0028701058134151447-0.0014250834822508807j)
(-0.03083272731479519+0.013564368390928552j),(-0.011173525542430009+1.6188558862269004e-05j),(0.0025751441943333364-0.001889681263962971j)
