x,y,z,nx,ny,nz,t1x,t1y,t1z,t2x,t2y,t2z
-1.0,-1.0,0.09510627451794396,-0.1355404303796826,-0.048635748642971446,1.0,0.9905796193684588,-0.006652219423151827,0.13677633446099255,0.0,1.0091183426070571,0.04907922606204878
-0.8571428571428572,-1.0,0.10030273292208323,-0.09758450108073627,-0.024716088231212,1.0,0.9951787652349466,-0.002423355742347501,0.09804770559474034,4.336808689942018e-19,1.0047467016675202,0.024833408128433675
-0.7142857142857143,-1.0,0.102339848074357,-0.08429313576935102,-0.004404943116854034,1.0,0.9964155991459188,-0.00037262316858208486,0.0845920500440443,-5.421010862427522e-20,1.003546128305289,0.004420563610323899
-0.5714285714285714,-1.0,0.10173312216010826,-0.09268051949744038,0.012297686700102466,1.0,0.9956581970573802,0.0011446394814287031,0.0930776258447994,0.0,1.0042846797742646,-0.012350378349576637
-0.4285714285714286,-1.0,0.09899805736468016,-0.119760837316918,0.025391801219657475,1.0,0.9926945298203281,0.003062654459870765,0.12061588043229328,-4.336808689942018e-19,1.0071395886546168,-0.025573088235565627
-0.2857142857142858,-1.0,0.09465015587341571,-0.16254827427969734,0.034877400441811,1.0,0.9863307489658291,0.005743521691913257,0.16467745930479175,-8.673617379884035e-19,1.013098785788588,-0.03533425203906109
-0.1428571428571429,-1.0,0.08920491987165802,-0.21805701543769213,0.040754484366563044,1.0,0.9747394537693761,0.009094761324416244,0.22315976918304542,-1.734723475976807e-18,1.0234010070031951,-0.0417081803406366
0.0,-1.0,0.08317785154475016,-0.2833012458428158,0.04302305299391362,1.0,0.955613481685602,0.012663877839984737,0.2943509806655578,0.0,1.0390034812232092,-0.04470110183352686
0.1428571428571428,-1.0,0.07708445307803517,-0.3552951505469819,0.04168310632386269,1.0,0.9262311210538893,0.015699069195863318,0.37662906103703536,-3.469446951953614e-18,1.0600455999954113,-0.044185993452751544
0.2857142857142856,-1.0,0.07144022665685613,-0.43105291460210415,0.03673464435641031,1.0,0.8836531982118986,0.017185442130403752,0.46782655532650724,0.0,1.085311198413652,-0.03986852088975497
0.4285714285714284,-1.0,0.0667606744665561,-0.5075887230600961,0.02817766709155644,1.0,0.825377733122565,0.015902260978428784,0.5643569045925014,0.0,1.1118389336748213,-0.031329027332520215
0.5714285714285714,-1.0,0.06356129869247817,-0.5819167609728713,0.016012174529301083,1.0,0.7507229643642476,0.010576561473100612,0.6605324875610303,1.734723475976807e-18,1.1350978900431157,-0.018175385523211778
0.7142857142857142,-1.0,0.0623576015199654,-0.6510512133923432,0.00023816666964424776,1.0,0.6627044677113013,0.0001783584944458554,0.7488810030063043,0.0,1.1502643534050307,-0.00027395463026097023
0.857142857142857,-1.0,0.06366508513436084,-0.7120062653704254,-0.01914435648741406,1.0,0.5692328782259876,-0.01573715328590162,0.8220257127079506,0.0,1.1545203359696377,0.02210254888377179
1.0,-1.0,0.06799925172100758,-0.7617961019590316,-0.04213539494187388,1.0,0.4821896079490871,-0.036880699752172445,0.8752902352772455,0.0,1.1489822972660964,0.048412822876528504
-1.0,-0.8571428571428572,0.11045963658900283,-0.08059366706300286,-0.003648502703155876,1.0,0.9967258332831954,-0.00029499957813079226,0.08085497041721361,0.0,1.0032422318493892,0.003660331994822631
-0.8571428571428572,-0.8571428571428572,0.11095718896429092,-0.05257903542736976,-0.003454664758068826,1.0,0.9986129226753911,-0.00018189384342818073,0.052651662655064754,0.0,1.0013812963114417,0.003459436673756414
-0.7142857142857143,-0.8571428571428572,0.11148595057907716,-0.04462203903018101,-0.004085432056129711,1.0,0.9990019398535674,-0.0001824817061276173,0.044666440077941065,0.0,1.0009950474860645,0.004089497255026651
-0.5714285714285714,-0.8571428571428572,0.11216372218238264,-0.05413940704464719,-0.005540804597338525,1.0,0.9985290398841388,-0.00030041516239247246,0.054218689202065386,-5.421010862427522e-20,1.0014644075682766,0.005548918593525209
-0.4285714285714286,-0.8571428571428572,0.11310830452322855,-0.07854786864397877,-0.00782078238169527,1.0,0.9968910624605968,-0.0006161977458175669,0.078789782881543,-1.0842021724855044e-19,1.003079831976864,0.007844869077358508
-0.2857142857142858,-0.8571428571428572,0.11443749835063595,-0.11526415300138625,-0.010925365409199935,1.0,0.9932452407056046,-0.00126763832241836,0.11602708696140435,0.0,1.006619004609429,0.010997680453203127
-0.1428571428571429,-0.8571428571428572,0.11626910441362603,-0.16170498929008023,-0.014854553679852535,1.0,0.986489974698028,-0.002433228908672104,0.16380356900068502,0.0,1.0129778290689606,0.015047333538405362
0.0,-0.8571428571428572,0.11872092346121992,-0.21528710668327125,-0.019608347193653078,1.0,0.9754436748094696,-0.004317889533900353,0.22020670540238022,8.673617379884035e-19,1.0228513392878036,0.020056424188248295
0.1428571428571428,-0.8571428571428572,0.12191075624243873,-0.2734272343541696,-0.025186745950601542,1.0,0.9589759275357344,-0.007137864314684825,0.28339763813412944,-8.673617379884035e-19,1.0364645599532532,0.026105169558344604
0.2857142857142856,-0.8571428571428572,0.1259564035063036,-0.33354210147598595,-0.03158974995069792,1.0,0.9361810947926666,-0.011098831674449118,0.35134281505143433,0.0,1.0533687156634106,0.03327565433369496
0.4285714285714284,-0.8571428571428572,0.1309756660018357,-0.39304843722193106,-0.03881735919394224,1.0,0.906687229927331,-0.01636097977648089,0.4214861627947672,0.0,1.0723517075244826,0.041625861413215136
0.5714285714285714,-0.8571428571428572,0.137086344478056,-0.44936297076521514,-0.04686957368033451,1.0,0.8711366365713222,-0.022989630394187475,0.49050222967642315,0.0,1.0915501756656816,0.05116049138414474
0.7142857142857142,-0.8571428571428572,0.1444062396839859,-0.49990243127904876,-0.055746393409874674,1.0,0.8317361624793725,-0.0309008094738208,0.5543104689593634,3.469446951953614e-18,1.108837313595588,0.06181368111124823
0.857142857142857,-0.8571428571428572,0.15305315236864633,-0.5420835479366425,-0.06544781838256276,1.0,0.7925944242417574,-0.039821559421358975,0.6084474686167479,0.0,1.122423786762593,0.07346018814430655
1.0,-0.8571428571428572,0.1631448832810585,-0.5733230499112068,-0.07597384859839883,1.0,0.7594943066141332,-0.04928003013324981,0.6486446460511203,0.0,1.1313772333967367,0.085955082637759
-1.0,-0.7142857142857143,0.11847218752104795,-0.03276907443348963,0.0296003916037514,1.0,0.9994619021434538,0.0009704976251727617,0.03278664816886294,0.0,1.000536290257724,-0.029616266005393303
-0.8571428571428572,-0.7142857142857143,0.11561135787767406,-0.013580481277192085,0.010711316351635448,1.0,0.9999077534223023,0.00014547824301012121,0.013581733396186079,0.0,1.000092199898401,-0.010712303933914811
-0.7142857142857143,-0.7142857142857143,0.11533749914967997,-0.010169380691707319,-0.0066172012115654185,1.0,0.9999482828992156,-6.729631757995218e-05,0.010169906494959373,0.0,1.000051704549962,0.006617543350976069
-0.5714285714285714,-0.7142857142857143,0.11742767452436348,-0.020347451973329968,-0.022385161085851202,1.0,0.9997927796917899,-0.0004555752219059643,0.02035166153858575,0.0,1.0002068841475238,0.022389792220819632
-0.4285714285714286,-0.7142857142857143,0.12165894718902243,-0.04192637441835467,-0.036592563271221866,1.0,0.9991179787562018,-0.001535539520789088,0.04196315818074185,2.168404344971009e-19,1.0008773418378643,0.036624667457934405
-0.2857142857142858,-0.7142857142857143,0.12780838033095474,-0.07271782732307602,-0.049239407767677455,1.0,0.9973321096746807,-0.0035900137198616863,0.07290936025876214,-4.336808689942018e-19,1.0026339199442134,0.04936910042583799
-0.1428571428571429,-0.7142857142857143,0.1356530371374581,-0.11053348998378872,-0.060325694575217935,1.0,0.9937749504790269,-0.006708462530788958,0.1112040661616323,0.0,1.0060667240122603,0.06069167391505368
0.0,-0.7142857142857143,0.1449699807958306,-0.1531850416967873,-0.06985142369384334,1.0,0.9878611565033405,-0.010824304701240954,0.15496183368693459,0.0,1.0115989914580843,0.07066162976060325
0.1428571428571428,-0.7142857142857143,0.15553627449336985,-0.1984841617583664,-0.07781659512355366,1.0,0.9791918953970918,-0.01574423213120575,0.2023248653607598,0.0,1.0193501767010966,0.07932235998947211
0.2857142857142856,-0.7142857142857143,0.1671289814173737,-0.24424252946482072,-0.08422120886434888,1.0,0.9676676008569932,-0.021168080063885545,0.2513390670748976,0.0,1.0290552903526944,0.08666828054175746
0.4285714285714284,-0.7142857142857143,0.17952516475514016,-0.2882718241124448,-0.08906526491622897,1.0,0.9536227432100993,-0.026703334312068953,0.2998176038345025,0.0,1.0400517107684937,0.09263248114617303
0.5714285714285714,-0.7142857142857143,0.192501887693967,-0.3283837249975334,-0.09234876327919399,1.0,0.9379711830689356,-0.03188287282879573,0.34524417757935355,0.0,1.0513437521361535,0.09709029529108124
0.7142857142857142,-0.7142857142857143,0.20583621342115205,-0.36238991141638105,-0.09407170395324392,1.0,0.9223051370371668,-0.03619537979255871,0.38476373097853905,0.0,1.0617396314227159,0.09987965628262405
0.857142857142857,-0.7142857142857143,0.21930520512399312,-0.38810206266528224,-0.09423408693837876,1.0,0.9088524373573548,-0.03913334442404366,0.4152780134606027,0.0,1.0700226909609556,0.10083261128605267
1.0,-0.7142857142857143,0.23268592598978813,-0.40333185804053207,-0.09283591223459851,1.0,0.9001973113699875,-0.040255294962844274,0.4336177023942869,0.0,1.0750891449559417,0.09980688150549936
-1.0,-0.5714285714285714,0.12016138026938875,0.007933347508857127,0.05239211783520821,1.0,0.9999684421397901,-0.0004156579213281299,-0.007933596474101724,-5.421010862427522e-20,1.000031382117614,-0.05239376201081217
-0.8571428571428572,-0.5714285714285714,0.11512336987697384,0.019411161369796755,0.018732455574767125,1.0,0.9998114485355096,-0.0003636871920282472,-0.01941481673754181,5.421010862427522e-20,1.000188312676167,-0.018735983133607588
-0.7142857142857143,-0.5714285714285714,0.11463998498626482,0.019064839246070116,-0.01137263918867354,1.0,0.999818159859908,0.00021685693238034928,-0.01906830321288357,0.0,1.000181693995357,0.011374705528925482
-0.5714285714285714,-0.5714285714285714,0.1182034302405472,0.008695345716511258,-0.03792316645511378,1.0,0.9999621375371012,0.00032976749105641153,-0.008695673960842048,0.0,1.0000377494284287,0.03792459803297167
-0.4285714285714286,-0.5714285714285714,0.12530591028310678,-0.009896354640045681,-0.06091912622455357,1.0,0.999950843347885,-0.000602906689427259,0.009896837443217567,1.0842021724855044e-19,1.0000487859610379,0.06092209822267203
-0.2857142857142858,-0.5714285714285714,0.13543962975722912,-0.034909297244766574,-0.0803605184969929,1.0,0.99938580440768,-0.00280702701493967,0.03493042438551102,-4.336808689942018e-19,1.0006052009754396,0.08040915276117411
-0.1428571428571429,-0.5714285714285714,0.1480967933062,-0.06454251751881739,-0.09624734327243187,1.0,0.9978869293162391,-0.006224850434434339,0.06467555594562914,-8.673617379884035e-19,1.0020612525188992,0.09644573335118951
0.0,-0.5714285714285714,0.1627696055733049,-0.09699505088336396,-0.10857960055087038,1.0,0.995184692740548,-0.010580512469919529,0.09744475404440706,0.0,1.0046363516174022,0.10908301375750128
0.1428571428571428,-0.5714285714285714,0.17895027120182963,-0.13046593275957222,-0.11735729033230843,1.0,0.9911885604688133,-0.015439008177967754,0.13155559517649668,-1.734723475976807e-18,1.0083520839032556,0.1183374682678226
0.2857142857142856,-0.5714285714285714,0.19613099483505966,-0.16315419856860802,-0.12258041261674613,1.0,0.9860392494665641,-0.020259596962720623,0.1652759729734577,-3.469446951953614e-18,1.0130047183796955,0.12417453636169379
0.4285714285714284,-0.5714285714285714,0.21380398111628088,-0.19325888373163733,-0.12424896740418334,1.0,0.9801446318238339,-0.02444857507735848,0.19677085120415513,0.0,1.0181723468784731,0.12650686273914424
0.5714285714285714,-0.5714285714285714,0.23146143468877872,-0.21897902366982605,-0.12236295469462012,1.0,0.9741870332730049,-0.027418007109332954,0.2240711429187026,0.0,1.0232539133819245,0.12520837224424516
0.7142857142857142,-0.5714285714285714,0.24859556019583895,-0.23851365380433995,-0.1169223744880565,1.0,0.9690790475559266,-0.02865544494840711,0.24508093573941434,-3.469446951953614e-18,1.027534197016921,0.12014173818289685
0.857142857142857,-0.5714285714285714,0.26469856228074723,-0.25006180955634516,-0.10792722678449244,1.0,0.9658433810359263,-0.027805335367728164,0.2576304070450125,0.0,1.0302669068183399,0.11119385010074052
1.0,-0.5714285714285714,0.2792626455867892,-0.2518225263470073,-0.0953775115839279,1.0,0.9654064413502996,-0.024757304920150613,0.2595717219814998,3.469446951953614e-18,1.030772448147924,0.09831251111362234
-1.0,-0.4285714285714286,0.11654466778933478,0.041513598764037325,0.0660078595486723,1.0,0.9991326950742959,-0.0027425736805445256,-0.04154919882718255,0.0,1.0008575518433749,-0.06606446471030548
-0.8571428571428572,-0.4285714285714286,0.11035135517693159,0.04639589251359672,0.02155935338819249,1.0,0.9989203106669977,-0.0010013409318364631,-0.046445777561439854,2.168404344971009e-19,1.0010752039704487,-0.02158253409055578
-0.7142857142857143,-0.4285714285714286,0.11013889928893117,0.04308062078315122,-0.01772413459296643,1.0,0.999069583453619,0.0007642747339609647,-0.043120567041070444,0.0,1.0009272442502697,0.017740569194858766
-0.5714285714285714,-0.4285714285714286,0.11516944038543055,0.03298898602487645,-0.05184260439480445,1.0,0.9994536595439574,0.0017111627939375377,-0.03300688331369839,-2.168404344971009e-19,1.0005425231563176,0.05187073020817245
-0.4285714285714286,-0.4285714285714286,0.12470511872652668,0.01754219069094814,-0.08079605601732152,1.0,0.9998450719992658,0.0014175564585652291,-0.01754487197074725,0.0,1.0001528474890249,0.08080840549160688
-0.2857142857142858,-0.4285714285714286,0.13800807457231662,-0.0018385627664580552,-0.10458448946051768,1.0,0.9999982913495155,-0.00019228546970810278,0.0018385658399249884,0.0,1.0000016716682125,0.10458466429108422
-0.1428571428571429,-0.4285714285714286,0.15434044818289744,-0.02373207189516649,-0.12320790472439294,1.0,0.999713920070636,-0.002924789635695435,0.023738652501541807,0.0,1.0002772874784969,0.12324206873362487
0.0,-0.4285714285714286,0.172964379818366,-0.046717134243001446,-0.13666630180894732,1.0,0.9988853709623298,-0.0063914908117567,0.046767130793454015,0.0,1.0010701972897675,0.13681256171474582
0.1428571428571428,-0.4285714285714286,0.19314200973881943,-0.06937254735778726,-0.14495968071418075,1.0,0.9975285344016579,-0.010079878631013527,0.0695357397405433,0.0,1.0023524057998674,0.14530068470783972
0.2857142857142856,-0.4285714285714286,0.2141354782043547,-0.09027710878734829,-0.14808804144009324,1.0,0.995793629885432,-0.013422115084777643,0.09063604970565672,0.0,1.0039759904047652,0.1486768380719195
0.4285714285714284,-0.4285714285714286,0.23520692547506888,-0.10800961607950887,-0.14605138398668494,1.0,0.9939562999355512,-0.0158646935616054,0.10862405496309253,3.469446951953614e-18,1.0056887424091143,0.1468822326886798
0.5714285714285714,-0.4285714285714286,0.25561849181105906,-0.12114886678209331,-0.1388497083539556,1.0,0.9923834067250505,-0.016942021270036176,0.12201697411454106,0.0,1.0071656248672072,0.13984465327694118
0.7142857142857142,-0.4285714285714286,0.27463231747242195,-0.1282736584429259,-0.12648301454190544,1.0,0.9914697107952256,-0.016355149631193583,0.12930708277651712,-3.469446951953614e-18,1.0080564033655517,0.12750201272594597
0.857142857142857,-0.4285714285714286,0.2915105427192547,-0.12796278860983107,-0.10895130255053428,1.0,0.9915458876439226,-0.014053974145223035,0.1289931723276503,0.0,1.0080522136865973,0.1098286017201043
1.0,-0.4285714285714286,0.3055153078116545,-0.11879505483063298,-0.08625457237984221,1.0,0.9927656720354274,-0.010318101046650633,0.11962381543337154,0.0,1.0069763897488844,0.08685631789438734
-1.0,-0.2857142857142858,0.10863950303619552,0.06797167933205098,0.07172880030160156,1.0,0.9976646412053678,-0.004886718275573575,-0.0681277012166125,-8.673617379884035e-19,1.0022953954660931,-0.07189344626460216
-0.8571428571428572,-0.2857142857142858,0.1021534439922885,0.0673737121542078,0.020142610268777856,1.0,0.9977165615805831,-0.001360157663040945,-0.0675263853538021,0.0,1.0022660648302242,-0.020188254729496848
-0.7142857142857143,-0.2857142857142858,0.10257973325777857,0.06187796391953598,-0.025044076029956487,1.0,0.9980751755432898,0.0015526384479376807,-0.061996235999303435,0.0,1.0019113763976017,0.02509194468577989
-0.5714285714285714,-0.2857142857142858,0.10900415601350998,0.052533468951765624,-0.06383125859460145,1.0,0.998609720672775,0.0033578824168034103,-0.05260561190136715,0.0,1.001373275952284,0.06391891652703345
-0.4285714285714286,-0.2857142857142858,0.12051249744032709,0.04038926157462682,-0.09621893742515703,1.0,0.9991751318502949,0.0038893508884758994,-0.04042188567610397,-4.336808689942018e-19,1.0008077419642067,0.09629665749866671
-0.2857142857142858,-0.2857142857142858,0.13619054271907435,0.026494376111849623,-0.12220711252162318,1.0,0.9996434724749678,0.003238920403985528,-0.026503534345535224,0.0,1.0003456670822117,0.12224935549763405
-0.1428571428571429,-0.2857142857142858,0.1551240770305961,0.011897846887164117,-0.141795783884,1.0,0.9999277849035243,0.001687181529695914,-0.01189867204427009,2.168404344971009e-19,1.0000693534816676,0.14180561791529814
0.0,-0.2857142857142858,0.17639888555573674,-0.0023512917756995906,-0.15498495151228742,1.0,0.999997169295124,-0.0003644158249966677,0.0023512981192098273,0.0,1.000002697883054,0.15498536964356172
0.1428571428571428,-0.2857142857142858,0.19910075347534065,-0.015204005553011445,-0.16177461540648547,1.0,0.9998813605000868,-0.0024598989772726806,0.015205716738017135,0.0,1.0001125483018092,0.1617928228647253
0.2857142857142856,-0.2857142857142858,0.22231546597025212,-0.02561126012104131,-0.1621647755665941,1.0,0.9996631352496226,-0.004154570302824758,0.025619437318054657,-8.673617379884035e-19,1.00031928132293,0.16221655175066965
0.4285714285714284,-0.2857142857142858,0.24512880822131564,-0.03252402115605922,-0.15615543199261336,1.0,0.9994574906273896,-0.005081422465181063,0.032540798615455335,8.673617379884035e-19,1.0005158482499938,0.15623598449893378
0.5714285714285714,-0.2857142857142858,0.2666265654093755,-0.03489325433433495,-0.14374658468454327,1.0,0.9993777168819759,-0.005018775455895527,0.03491405007575936,0.0,1.000595981711111,0.14383225502004993
0.7142857142857142,-0.2857142857142858,0.28589452271527616,-0.03166992533213845,-0.12493823364238378,1.0,0.9994900469670968,-0.003958737307166073,0.03168555526803222,0.0,1.0004935261365426,0.12499989392613976
0.857142857142857,-0.2857142857142858,0.3020184653198618,-0.021804999825739767,-0.09973037886613485,1.0,0.9997597646288858,-0.0021751326572003534,0.021810131295299396,0.0,1.000235334537979,0.0997538488687678
1.0,-0.2857142857142858,0.31408417840397707,-0.00424944349140869,-0.06812302035579655,1.0,0.9999909290100663,-0.00028948752705037394,0.004249481680912312,-5.421010862427522e-20,1.000008986942337,0.06812363257345232
-1.0,-0.1428571428571429,0.0974633389652805,0.08730758921289815,0.07083612365145384,1.0,0.9961330440923091,-0.006207936587173647,-0.08763800540130538,0.0,1.003784507067324,-0.0711042034620346
-0.8571428571428572,-0.1428571428571429,0.09138776653778596,0.08234462029163005,0.015432826693389554,1.0,0.9965800388325334,-0.0012751101910650233,-0.08262324306481066,0.0,1.0033836184099683,-0.015485045489907158
-0.7142857142857143,-0.1428571428571429,0.09270797809290642,0.07545686865522452,-0.03270485210515609,1.0,0.9971297577220702,0.002474813471395494,-0.07567114088876514,0.0,1.002839665061105,0.0327977229310077
-0.5714285714285714,-0.1428571428571429,0.10038602817928205,0.06732879449717882,-0.07357691274418307,1.0,0.9977082465811494,0.0049649990145915705,-0.0674803933654324,0.0,1.0022516201186393,0.07374258000118525
-0.4285714285714286,-0.1428571428571429,0.11338397134555307,0.05864485801099038,-0.10718335522369132,1.0,0.9982531965174353,0.006296427468938528,-0.058744452026136935,8.673617379884035e-19,1.0016982565654415,0.10736538006040601
-0.2857142857142858,-0.1428571428571429,0.1306638621403596,0.050089519390156476,-0.13352417954368087,1.0,0.9987191878934999,0.006696396692602705,-0.050151191458263605,-8.673617379884035e-19,1.001231236970488,0.13368857944998913
-0.1428571428571429,-0.1428571428571429,0.15118775511234192,0.04234723882817443,-0.1525993857041517,1.0,0.9990804461903722,0.006467818991479759,-0.04238430555689839,0.0,1.0008753045003564,0.15273295663321018
0.0,-0.1428571428571429,0.17391770481014016,0.036102476518541635,-0.16440897370510396,1.0,0.999329616657059,0.00593933326514253,-0.03612535940888334,8.673617379884035e-19,1.0006338315968422,0.16451318130744264
0.1428571428571428,-0.1428571428571429,0.19781576578239451,0.032039692654755335,-0.16895294354653745,1.0,0.9994714115422921,0.00541589867605129,-0.03205566332473812,8.673617379884035e-19,1.000498465143061,0.16903716069971297
0.2857142857142856,-0.1428571428571429,0.22184399257774517,0.030843347430312952,-0.16623129522845223,1.0,0.9995106283611361,0.005129500276291542,-0.030857608786853594,-8.673617379884035e-19,1.0004623803098178,0.16630815730624138
0.4285714285714284,-0.1428571428571429,0.24496443974483234,0.03319790103871169,-0.15624402875084842,1.0,0.9994347306528412,0.00518976140639723,-0.033215742373572464,0.0,1.0005374235810864,0.15632799797630306
0.5714285714285714,-0.1428571428571429,0.2661391618322963,0.039787813673449066,-0.13899114411372582,1.0,0.9991915943742817,0.005534444550640317,-0.03981868475096446,8.673617379884035e-19,1.000775892783875,0.13909898633946616
0.7142857142857142,-0.1428571428571429,0.28433021338877706,0.05129754552802218,-0.11447264131708461,1.0,0.9986626841666244,0.005879784880144395,-0.05136410597758138,0.0,1.0012975367315156,0.11462117377394714
0.857142857142857,-0.1428571428571429,0.2984996489629148,0.06841155679592857,-0.08268852036092468,1.0,0.9976301710246108,0.005669980949937046,-0.06857035202937861,0.0,1.0023211755569854,0.08288045493322975
1.0,-0.1428571428571429,0.3076095231033498,0.09181430767066548,-0.043638781245246,1.0,0.9957324060913564,0.004023483098433421,-0.09219971281557592,8.673617379884035e-19,1.0041976588909527,0.04382196196333044
-1.0,0.0,0.0840336285318992,0.09952132840657885,0.06461101315568694,1.0,0.9949653655660188,-0.006461801160263084,-0.10001083166259447,0.0,1.004918576388127,-0.06492880735940747
-0.8571428571428572,0.0,0.07891245302816512,0.09130861692586345,0.008380603138893845,1.0,0.9957874501633034,-0.000768404136612608,-0.09168840522306723,0.0,1.0041593916323597,-0.008415461349463887
-0.7142857142857143,0.0,0.08126912499441422,0.08381733499021674,-0.040078851424077626,1.0,0.9964507101022926,0.003371062254883146,-0.08411075006151396,0.0,1.0035006490164768,0.040219153415896845
-0.5714285714285714,0.0,0.08999350793724342,0.07737496266111604,-0.08076735053322748,1.0,0.9969645045694779,0.006267926147519397,-0.07760470172833994,-8.673617379884035e-19,1.0029691654680353,0.08100716216137543
-0.4285714285714286,0.0,0.1039754653632496,0.07230898000003881,-0.11368489418855561,1.0,0.9973347014491923,0.008241620861514032,-0.0724953030949269,0.0,1.0025767628707802,0.11397783320286925
-0.2857142857142858,0.0,0.1221048607790297,0.06894686706846248,-0.13883148239006207,1.0,0.9975630918105884,0.009594277721171765,-0.06910736351727198,-1.734723475976807e-18,1.0023278280164658,0.13915465820433712
-0.1428571428571429,0.0,0.1432715576911806,0.06761610392786443,-0.15620711513774685,1.0,0.9976450366716264,0.01058564001899854,-0.06776669558018462,1.734723475976807e-18,1.002227156602824,0.156555012845634
0.0,0.0,0.16636541960629922,0.06864417063972214,-0.1658117924316101,1.0,0.997565159575841,0.011408054594540919,-0.06880122593962204,-1.734723475976807e-18,1.0022879626694625,0.16619116362285027
0.1428571428571428,0.0,0.19027631003098244,0.07235854726551298,-0.16764551427165153,1.0,0.9972911846475533,0.012161400517662317,-0.07254235563950774,-1.734723475976807e-18,1.0025402441168463,0.16807137480299575
0.2857142857142856,0.0,0.2138940924718272,0.07908671386671438,-0.1617082806578714,1.0,0.996766097799405,0.012827852699832823,-0.07932712318531727,1.734723475976807e-18,1.0030398192926318,0.1621998446091935
0.4285714285714284,0.0,0.23610863043543034,0.08915615050480377,-0.14800009159026958,1.0,0.9958985604451502,0.0132462918383777,-0.0895019164923854,0.0,1.0038782067824137,0.14857406654927283
0.5714285714285714,0.0,0.25580978742838895,0.10289433724125853,-0.12652094706884615,1.0,0.994550787979696,0.01308589313076578,-0.10342866880094656,-1.734723475976807e-18,1.005193012307715,0.12717797190415842
0.7142857142857142,0.0,0.27188742695729967,0.12062875413755617,-0.09727084709360101,1.0,0.9925217420793885,0.011817879217175467,-0.12149456461300737,1.734723475976807e-18,1.0071774800431403,0.09796900665739469
0.857142857142857,0.0,0.2832314125287596,0.142686881255174,-0.060249791664534216,1.0,0.9895212379099997,0.008683563891194665,-0.14412604012880276,0.0,1.0100861330836366,0.060857479081524085
1.0,0.0,0.28873160764936556,0.16939619865558955,-0.015457780781645697,1.0,0.985127084861368,0.0026557517220456386,-0.17180679164495802,0.0,1.0142305022692368,0.015677752766136272
-1.0,0.1428571428571428,0.06936782469136114,0.10461289691309297,0.05433465237175869,1.0,0.9944365681594937,-0.005715026696254783,-0.10518198694182242,0.0,1.0054399605165527,-0.05463023073534168
-0.8571428571428572,0.1428571428571428,0.06558563367816729,0.094265702056908,-6.345991784295055e-05,1.0,0.9955074194966462,6.0086113263237955e-06,-0.09468356610851275,0.0,1.004432832329117,6.374122501836788e-05
-0.7142857142857143,0.1428571428571428,0.06900866516240146,0.08695936292451266,-0.04653846259223347,1.0,0.9961749414681561,0.0040621932427310796,-0.08728679497480854,0.0,1.003765345550888,0.046713695985300306
-0.5714285714285714,0.1428571428571428,0.07850504634189062,0.08267197344357724,-0.08509035565141286,1.0,0.9965285526211171,0.007058409215150781,-0.08295192987636292,0.0,1.003386352364949,0.08537850157850739
-0.4285714285714286,0.1428571428571428,0.09294290441446175,0.0813816275417721,-0.11571913909538109,1.0,0.9966165245541861,0.009448122923542796,-0.08164702051365257,-1.734723475976807e-18,1.0032610919675236,0.11609650985037379
-0.2857142857142858,0.1428571428571428,0.11119036657794182,0.08306641914676761,-0.13842481292413816,1.0,0.9964538010958824,0.011537285342222835,-0.08334694552591294,-1.734723475976807e-18,1.0033771334075408,0.13889229198429684
-0.1428571428571429,0.1428571428571428,0.1321155600301578,0.08770444218623412,-0.1532073771376841,1.0,0.9960262389579636,0.013487317632773716,-0.08803308224938125,0.0,1.0037471313305804,0.15378146530063275
0.0,0.1428571428571428,0.15458661196893678,0.09527379058784198,-0.16006683173601896,1.0,0.9952929435330676,0.015317428130583836,-0.0956939546091924,0.0,1.0044100693250262,0.16077273756061214
0.1428571428571428,0.1428571428571428,0.17747164959210557,0.1057525582792615,-0.15900317671914266,1.0,0.9941874810993893,0.01690632893041834,-0.10632698842414359,-3.469446951953614e-18,1.0054318321393718,0.15986685528470793
0.2857142857142856,0.1428571428571428,0.1996388000974912,0.11911883918816304,-0.1500164120870552,1.0,0.9926179082395566,0.017993175024566443,-0.119941376908314,-3.469446951953614e-18,1.0069051858275049,0.15105230328969188
0.4285714285714284,0.1428571428571428,0.21995619068292077,0.13535072724221697,-0.13310653783975657,1.0,0.9904647544896948,0.01817728363087993,-0.13656191443250576,-3.469446951953614e-18,1.0089485089217238,0.1342976428811554
0.5714285714285714,0.1428571428571428,0.23729194854622115,0.15442631636909365,-0.10827355397724683,1.0,0.987575302800869,0.016915944375772766,-0.15623338991280888,-3.469446951953614e-18,1.0117018496989605,0.10954055483226086
0.7142857142857142,0.1428571428571428,0.2505142008852194,0.17632370049646337,-0.07551746049952598,1.0,0.9837517001074426,0.013519484984676209,-0.17902462417629986,0.0,1.0153179843221964,0.07667423577550982
0.857142857142857,0.1428571428571428,0.2584910748977424,0.2010209735519965,-0.03483825740659398,1.0,0.9787295560599523,0.007142899316197479,-0.20503032723001563,0.0,1.0199449520474144,0.035533104779983976
1.0,0.1428571428571428,0.2600906977816171,0.2284962294633634,0.013764055301549229,1.0,0.972142745233084,-0.0032258458141545487,-0.23436739707021229,0.0,1.0256948117727704,-0.01411772011175254
-1.0,0.2857142857142856,0.054483380398975816,0.10258229473244061,0.041288224857126896,1.0,0.9946598485781564,-0.004257626500997478,-0.10311963073565164,0.0,1.0052380969309813,-0.04150449658103668
-0.8571428571428572,0.2857142857142856,0.05226543870253372,0.0912158756847637,-0.008948761999954518,1.0,0.9957960507366954,0.0008196574332079192,-0.09159450583355386,0.0,1.0041509237942163,0.008985907629068908
-0.7142857142857143,0.2857142857142856,0.056672089796967605,0.08488295245811228,-0.05145607421513601,1.0,0.9963553073996989,0.004383407375808866,-0.08518736500343957,0.0,1.0035862624533178,0.051640609202088884
-0.5714285714285714,0.2857142857142856,0.06659909444772023,0.08321982684456242,-0.08623371178841754,1.0,0.9964813130297951,0.007200973847295189,-0.08350532173500139,0.0,1.0034306114451814,0.08652954614703937
-0.4285714285714286,0.2857142857142856,0.08094221342023451,0.08586280063619026,-0.11328167471979908,1.0,0.9962322223725483,0.009762003472774583,-0.0861746041177515,1.734723475976807e-18,1.0036314152258135,0.1136930475181822
-0.2857142857142858,0.2857142857142856,0.09859720747995328,0.0924481756250719,-0.13259996300928062,1.0,0.9956053765168829,0.012309961749731898,-0.0928353332109929,1.734723475976807e-18,1.0041878337057848,0.1331552696037567
-0.1428571428571429,0.2857142857142856,0.11845983739231943,0.10261225360328348,-0.14418857665686224,1.0,0.994555711058871,0.014871550374501186,-0.10313958788768873,1.734723475976807e-18,1.0051390966077407,0.1449295756820345
0.0,0.2857142857142856,0.13942586392277584,0.11599133636290111,-0.1480475156625439,1.0,0.993010747191493,0.017284757086753665,-0.11675141598560923,-3.469446951953614e-18,1.0065528999539248,0.14901765622110766
0.1428571428571428,0.2857142857142856,0.16039104783676528,0.13222172569600088,-0.14417678002632553,1.0,0.9908828489077012,0.019225613059304262,-0.13334749920059125,0.0,1.0085142853692495,0.1454043422750892
0.2857142857142856,0.2857142857142856,0.18025114989973073,0.15093972339465894,-0.13257636974820727,1.0,0.988078218842175,0.02023344793147087,-0.15261730253965167,0.0,1.0111142322727489,0.1340498543154667
0.4285714285714284,0.2857142857142856,0.19790193087711497,0.17178163125095133,-0.11324628482818902,1.0,0.9845016284593743,0.019734475154392667,-0.17426156791220762,3.469446951953614e-18,1.0144365648596818,0.11488117216422916
0.5714285714285714,0.2857142857142856,0.21223915153436093,0.19438375105695427,-0.08618652526627081,1.0,0.9800559187878826,0.017063891563303027,-0.1979879280500591,0.0,1.0185415549062475,0.08778455745667404
0.7142857142857142,0.2857142857142856,0.2221585726369114,0.21838238460474382,-0.05139709106245262,1.0,0.9746357101878235,0.01148736745754989,-0.22350228816630086,1.734723475976807e-18,1.0234446728421969,0.05260207904745242
0.857142857142857,0.2857142857142856,0.22655595495020933,0.24341383368639602,-0.008877982216734503,1.0,0.9681154500559362,0.002223886339497596,-0.25049457018574484,-4.336808689942018e-19,1.0290892937024745,0.009136236448922438
1.0,0.2857142857142856,0.22432705923969745,0.2691144000939871,0.041370801270883675,1.0,0.9603329401019824,-0.011526634386582702,-0.2786176248100619,1.734723475976807e-18,1.0353129550583537,-0.04283172651689048
-1.0,0.4285714285714284,0.0403977486100527,0.09342952186462174,0.026752914169249402,1.0,0.9955844951486056,-0.0025103887450777817,-0.09383608563897301,4.336808689942018e-19,1.0043515557635025,-0.026869330967093086
-0.8571428571428572,0.4285714285714284,0.0398099983160057,0.08215913780943054,-0.017324702630574576,1.0,0.9965953482549449,0.0014281768797001309,-0.08243586687483392,0.0,1.0033682080019541,0.017383055832606357
-0.7142857142857143,0.4285714285714284,0.045004890098212076,0.0775881035910156,-0.054204074898297594,1.0,0.9969584558773893,0.004218193045128568,-0.07782058919081468,-8.673617379884035e-19,1.00299640781304,0.05436649241182146
-0.5714285714285714,0.4285714285714284,0.054954103309228786,0.0790185228640716,-0.08388520263391967,1.0,0.9968315587543878,0.006648998699852073,-0.07926307013727706,0.0,1.0030948094743066,0.08414481135378526
-0.4285714285714286,0.4285714285714284,0.06862931730161287,0.08575249928329327,-0.1063680858374407,1.0,0.9962475873843136,0.009154419153840024,-0.08606358835704218,0.0,1.0036277551832185,0.10675396321216651
-0.2857142857142858,0.4285714285714284,0.08500221142792133,0.09709213650337535,-0.12165272450886074,1.0,0.9951606862579839,0.011866224781089493,-0.09754179225328571,0.0,1.004631227266224,0.12221612592361658
-0.1428571428571429,0.4285714285714284,0.10304446504071113,0.11233953817901257,-0.12973911864817986,1.0,0.9934829004804492,0.014664920858914113,-0.11303391769356566,-1.734723475976807e-18,1.0061810785927088,0.13054104633709304
0.0,0.4285714285714284,0.12172775749253932,0.1307968079648996,-0.13062726825539803,1.0,0.9911144973140568,0.01722855812457911,-0.13189097770072336,0.0,1.008365416196681,0.13172001972098993
0.1428571428571428,0.4285714285714284,0.14002376813596293,0.1517660495157312,-0.12431717333051517,1.0,0.9879683119281901,0.019079581645786745,-0.15347502790351356,3.469446951953614e-18,1.011260610612423,0.1257170606118272
0.2857142857142856,0.4285714285714284,0.1569041763235388,0.17454936648620203,-0.1108088338735313,1.0,0.9839877541946349,0.019629985323592974,-0.17715180854621335,3.469446951953614e-18,1.0149094901482614,0.11246093709050906
0.4285714285714284,0.4285714285714284,0.17134066140782417,0.1984488625310069,-0.09010224988444651,1.0,0.9791583261110478,0.018225792791354833,-0.20227899763578464,0.0,1.0193003631057815,0.09184125602386418
0.5714285714285714,0.4285714285714284,0.18230490274137592,0.22276664130484053,-0.06219742136326073,1.0,0.9735131248938999,0.014192840868948507,-0.2281901814876854,0.0,1.0243462852026535,0.06371169752264029
0.7142857142857142,0.4285714285714284,0.18876857967675098,0.24680480646239758,-0.027094348309973933,1.0,0.9671335379742745,0.006886725281900236,-0.254175712333524,8.673617379884035e-19,1.0298653254641918,0.027903529840491482
0.857142857142857,0.4285714285714284,0.18970337156650652,0.2698654616583728,0.015206969275413785,1.0,0.9601470328138875,-0.004249786514981391,-0.27946308288084265,8.673617379884035e-19,1.035564466691998,-0.01574779702769548
1.0,0.4285714285714284,0.18408095776319935,0.29125071054746077,0.06470653139290257,1.0,0.9527245308845608,-0.019619107695854312,-0.3032013503664061,3.469446951953614e-18,1.0410321396177262,-0.06736157882319493
-1.0,0.5714285714285714,0.028128382279901328,0.07715457830963632,0.012009903865584013,1.0,0.997000941612173,-0.000929372479001514,-0.07738383998765845,1.0842021724855044e-19,1.0029714591544012,-0.01204559080436888
-0.8571428571428572,0.5714285714285714,0.029077442733324462,0.06709548843090851,-0.02424068133283682,1.0,0.9977350772659681,0.0016300949611334913,-0.06724625181740822,2.168404344971009e-19,1.002246997376805,0.024295150080203668
-0.7142857142857143,0.5714285714285714,0.03475255726623438,0.06507481632322261,-0.05415485324723066,1.0,0.9978651796968292,0.0035315489335667914,-0.06521204881572429,-4.336808689942018e-19,1.0021088417955735,0.05426905726519157
-0.5714285714285714,0.5714285714285714,0.044248523980912904,0.07006806150210476,-0.07773261187759749,1.0,0.9975152635342119,0.005459845422747002,-0.0702388005608818,0.0,1.0024367601317459,0.07792202760715729
-0.4285714285714286,0.5714285714285714,0.05666014097964189,0.08105072348308116,-0.09497395722393727,1.0,0.996658608261987,0.00772271912654139,-0.08131407127042352,0.0,1.0032491725678097,0.09528254400040563
-0.2857142857142858,0.5714285714285714,0.07108220636470321,0.09699830178167795,-0.10587888928625006,1.0,0.995187102994598,0.01031771967960871,-0.09744831806569225,0.0,1.0046394243584509,0.10637010638425042
-0.1428571428571429,0.5714285714285714,0.08660951823837872,0.11688629591342131,-0.11044740806453579,1.0,0.9929674699454388,0.012996564286960314,-0.11767197179825407,1.734723475976807e-18,1.0067217108617654,0.111189803606977
0.0,0.5714285714285714,0.10233687470295026,0.13969020539383742,-0.10867951355879453,1.0,0.989886750865436,0.015327011031911301,-0.14102944087635744,-1.734723475976807e-18,1.0095871824280325,0.10972144388147251
0.1428571428571428,0.5714285714285714,0.11735907386069966,0.16438552973845239,-0.10057520576902626,1.0,0.985887857184525,0.016752486677339133,-0.16656676513107696,0.0,1.0132690231074175,0.10190974049840874
0.2857142857142856,0.5714285714285714,0.13077091381390882,0.1899477684627924,-0.08613448469523098,1.0,0.9809958893311864,0.016650892675067298,-0.19331273338411475,3.469446951953614e-18,1.0177152116529418,0.08766037532222407
0.4285714285714284,0.5714285714285714,0.1416671926648596,0.21535242108238364,-0.06535735033740868,1.0,0.9753359468848344,0.01439532774262936,-0.22025568154634761,0.0,1.0227685411629908,0.06684544185886998
0.5714285714285714,0.5714285714285714,0.14914270851583383,0.23957498711275238,-0.03824380269555931,1.0,0.9691427253574606,0.009420220849093159,-0.2463201926880297,1.734723475976807e-18,1.028154882346306,0.039320552460928124
0.7142857142857142,0.5714285714285714,0.1522922594691134,0.26159096606942456,-0.004793841769682977,1.0,0.9627613346880305,0.0012960134403668469,-0.2703496491192186,0.0,1.0334823605776569,0.004954350908367736
0.857142857142857,0.5714285714285714,0.15021064362698006,0.2803758574679265,0.03499253244022037,1.0,0.9566378362570347,-0.010186390966023471,-0.29110185104280273,0.0,1.0382557673536612,-0.036331198620368876
1.0,0.5714285714285714,0.1419926590917158,0.2949051608237843,0.0811153199341508,1.0,0.9512975121447954,-0.024923906966421116,-0.3072651009285826,0.0,1.0419115761496753,-0.08451499084247625
-1.0,0.7142857142857142,0.0186927343638312,0.053757464067484405,-0.001659622496411415,1.0,0.9985498364368369,8.934591496099913e-05,-0.05383508307111461,1.3552527156068805e-20,1.0014438739806024,0.0016620187821516058
-0.8571428571428572,0.7142857142857142,0.020925902169231306,0.046024927549197646,-0.028746097629874935,1.0,0.9989371694389659,0.0013244364422261771,-0.046073608295608484,0.0,1.0010577039227013,0.028776502490100414
-0.7142857142857143,0.7142857142857142,0.026660582501133998,0.04734309065473336,-0.05068079786744754,1.0,0.9988732908136511,0.0024020661127648777,-0.04739598060486995,0.0,1.0011171630200975,0.05073741658065408
-0.5714285714285714,0.7142857142857142,0.03516080751726913,0.05636844275866197,-0.06746372320912922,1.0,0.9983977373314368,0.003808834089973039,-0.05645751388736912,4.336808689942018e-19,1.0015801594712932,0.06757032665032683
-0.4285714285714286,0.7142857142857142,0.04569060937536659,0.07175747323555393,-0.07909487365491999,1.0,0.9973926718835588,0.005690149348994468,-0.07194081090286336,0.0,1.0025549626964652,0.07929695810658993
-0.2857142857142858,0.7142857142857142,0.05751402023315621,0.0921666714599797,-0.08557424920481982,1.0,0.9956761304673885,0.007920271238782011,-0.09255437602292063,0.0,1.0042065592344764,0.08593422235304575
-0.1428571428571429,0.7142857142857142,0.06989507224836793,0.11625252680650977,-0.08690184985882872,1.0,0.9930763941816452,0.010170058267463984,-0.117029249480709,-1.734723475976807e-18,1.006681340144047,0.08748247067688245
0.0,0.7142857142857142,0.08209779757873154,0.14267152864971452,-0.08307767561694673,1.0,0.9894899326901007,0.011971935780909593,-0.14410532904302248,1.734723475976807e-18,1.0100496602712388,0.08391257803302123
0.1428571428571428,0.7142857142857142,0.09338622838197692,0.17008016636416445,-0.07410172647917378,1.0,0.9849254432279251,0.01278302368957733,-0.17250642187358464,0.0,1.014265364159071,0.07515881459221507
0.2857142857142856,0.7142857142857142,0.10302439681583399,0.19713492932442997,-0.05997400244550995,1.0,0.9795359083994176,0.012049285899137984,-0.20090848380655432,0.0,1.019141988155301,0.06112202408994789
0.4285714285714284,0.7142857142857142,0.11027633503803258,0.22249230690508157,-0.04069450351595518,1.0,0.973638225640773,0.009274650222075258,-0.22790916268185768,0.0,1.024346261010665,0.04168526252025405
0.5714285714285714,0.7142857142857142,0.11440607520630261,0.24480878848068977,-0.016263229690509466,1.0,0.9677162970220188,0.0040984749237733325,-0.25200867243269826,0.0,1.0294102348068948,0.01674153509442581
0.7142857142857142,0.7142857142857142,0.11467764947837385,0.2627408634258248,0.013319819030827138,1.0,0.962400053762533,-0.003617821934778481,-0.2716119435560995,0.0,1.033763610329229,-0.013769544210239834
0.857142857142857,0.7142857142857142,0.1103550900119762,0.2749450211150573,0.04805464264805466,1.0,0.958411905392105,-0.013698436948053594,-0.28505959451990914,0.0,1.0367876216264311,-0.04982245865918465
1.0,0.7142857142857142,0.10070242896483958,0.28007775092295767,0.08794124116117316,1.0,0.9564756319719375,-0.025563667865219377,-0.29069032376252113,0.0,1.0378915240664108,-0.09127346881706179
-1.0,0.857142857142857,0.01310825781715181,0.023238179138165983,-0.012974481359279066,1.0,0.9997297657428373,0.00030158470517770175,-0.02324445169147474,5.421010862427522e-20,1.0002699244752122,0.01297798348935112
-0.8571428571428572,0.857142857142857,0.01621350683846747,0.01894745516429792,-0.02989035104482261,1.0,0.9998202560009277,0.0005664476470928922,-0.018950852943930483,0.0,1.0001793264374081,0.029895711174988356
-0.7142857142857143,0.857142857142857,0.021474457003010393,0.024392926585547783,-0.043154297364460636,1.0,0.9997017170135248,0.0010529721510955992,-0.02440016905391132,0.0,1.000296908545932,0.04316711024414183
-0.5714285714285714,0.857142857142857,0.028369404972794058,0.03791966663374314,-0.05276632031819313,1.0,0.9992777530966014,0.0020023152770242128,-0.03794684308001369,0.0,1.0007166847359985,0.05280413713453999
-0.4285714285714286,0.857142857142857,0.03637664740983197,0.05787274854071156,-0.05872641990602009,1.0,0.9983125648322801,0.003404326271504564,-0.05796924581734267,0.0,1.0016674044185618,0.0588243405980577
-0.2857142857142858,0.857142857142857,0.044974480976137626,0.08259724553828061,-0.06103459612794151,1.0,0.9965469089799713,0.005058391379782222,-0.08287744493596315,0.0,1.0033923576489323,0.06124164730696563
-0.1428571428571429,0.857142857142857,0.05364120233372451,0.11043823085827789,-0.05969084898395738,1.0,0.9937863054874086,0.0066320789762425465,-0.11110713097789908,0.0,1.0060567804683467,0.060052383352222446
0.0,0.857142857142857,0.06185510814460614,0.139740777732531,-0.054695178474067754,1.0,0.9899661468007672,0.0077171531576635775,-0.14109384726338278,0.0,1.0096827107506272,0.05522477606668608
0.1428571428571428,0.857142857142857,0.06909449507079599,0.1688499593928674,-0.04604758459827258,1.0,0.9851990586313867,0.007884853101675204,-0.17123271872920331,0.0,1.014111696235543,0.04669739412450387
0.2857142857142856,0.857142857142857,0.07483765977430756,0.19611084907111478,-0.03374806735657189,1.0,0.9798061083604702,0.006744085579996342,-0.19983620124792245,0.0,1.0189961554623466,0.03438915089063107
0.4285714285714284,0.857142857142857,0.07856289891715434,0.21986851999910068,-0.017796626748965663,1.0,0.9743261044974056,0.004006122790116168,-0.22510573754371752,-8.673617379884035e-19,1.023819769854449,0.018220538302311556
0.5714285714285714,0.857142857142857,0.07974850916134987,0.23846804540865268,0.001806737224546117,1.0,0.9694895568186879,-0.00044288949865151496,-0.24513221548461553,0.0,1.0279457571119968,-0.001857227864188486
0.7142857142857142,0.857142857142857,0.0778727871689076,0.2502544985315983,0.025062024563963413,1.0,0.9661406940200719,-0.006464368791151911,-0.2579348198567725,0.0,1.0306900430171666,-0.02583117917592874
0.857142857142857,0.857142857142857,0.07241402960184101,0.2535729525997652,0.051969235269286235,1.0,0.9650971191701663,-0.013591997684491137,-0.26153930520744056,0.0,1.031416413012508,-0.05360192222845033
1.0,0.857142857142857,0.06285053312216363,0.2467684808449809,0.08252836934051462,1.0,0.966954200783495,-0.02096933011129893,-0.25408632545226745,0.0,1.0296546973188345,-0.08497572315352456
-1.0,1.0,0.012392405595172662,-0.014403276478319014,-0.02065348916556113,1.0,0.9998962016610923,-0.0002975087564727649,0.01440476977463202,0.0,1.0001036775427627,0.020655630468567294
-0.8571428571428572,1.0,0.015798386955774225,-0.014136928723790701,-0.026722841100813556,1.0,0.9998999772918646,-0.00037781662116288627,0.014138340296136549,0.0,1.0000998500009037,0.026725509376521628
-0.7142857142857143,1.0,0.01993967197196303,-0.0037756758843341216,-0.030947740343782306,1.0,0.9999928651819406,-0.00011684946897117974,0.0037757027709667958,-1.3552527156068805e-20,1.0000071210118393,0.030947960723007695
-0.5714285714285714,1.0,0.02455276740198424,0.014721733127348284,-0.03332818689446736,1.0,0.9998914855453293,0.0004907017801208176,-0.014723326584629676,0.0,1.000108238430055,0.03333179428509339
-0.4285714285714286,1.0,0.02937418000408305,0.03939654939855402,-0.03386418075286875,1.0,0.9992215585283031,0.0013351656209736023,-0.03942707578598357,-2.168404344971009e-19,1.0007748492671462,0.03389042038850761
-0.2857142857142858,1.0,0.03414041653650465,0.06829002401658063,-0.03255572191898644,1.0,0.9976521348103807,0.002228403405271418,-0.06844890157302323,0.0,1.002326511942711,0.03263146319483454
-0.1428571428571429,1.0,0.03858798375749423,0.09944340806872569,-0.029402810392820444,1.0,0.9949897881777305,0.0029383232891534473,-0.09993341622442066,-4.336808689942018e-19,1.0049275076670374,0.029547692966463514
0.0,1.0,0.042453388425296994,0.1308979526422867,-0.02440544617437078,1.0,0.991242670036053,0.0032218506420797904,-0.13201359315705508,0.0,1.0085229791012633,0.02461345328207195
0.1428571428571428,1.0,0.04547313729815809,0.1606949088245612,-0.017563629263637436,1.0,0.9866624689952236,0.0028585582772410684,-0.16275441905160437,4.336808689942018e-19,1.0128162755255157,0.01778872957550822
0.2857142857142856,1.0,0.04738373713432275,0.1868755277028467,-0.008877359660620403,1.0,0.9817620652584833,0.0016876418537319787,-0.19010628365304238,-2.168404344971009e-19,1.0172882773357728,0.00903083391644261
0.4285714285714284,1.0,0.04792169469203613,0.20748106036444086,0.0016533626346803033,1.0,0.9772931546974314,-0.00035033332982362494,-0.21189140390327374,-5.421010862427522e-20,1.0212566078613927,-0.0016885075158583815
0.5714285714285714,1.0,0.04682351672954344,0.22055275789664114,0.01402853762226471,1.0,0.9741594500281384,-0.0031681932235497505,-0.22583916505463172,0.0,1.023968900722012,-0.014364786247807784
0.7142857142857142,1.0,0.04382571000508985,0.22413187138674504,0.028248165302132786,1.0,0.9732461945164673,-0.0064878449158159626,-0.22967314324396562,0.0,1.0247232659190133,-0.02894655220462166
0.857142857142857,1.0,0.038664781276920565,0.21625965192205013,0.044312245674284545,1.0,0.9751708046071103,-0.009803506586892295,-0.22123696142489807,-1.734723475976807e-18,1.0230154328771508,-0.045332111190236855
1.0,1.0,0.03107723730328075,0.19497735058985388,0.062220778738720006,1.0,0.9799969686903461,-0.012358807454666698,-0.19862829918224423,0.0,1.018724988217069,-0.06338586208745939
